Report_ID,Company,Mine_Site,Report_Date,Shift_Covered,HPI_Reported,Number_of_HPIs,Dominant_Incident_Type,Max_Severity_Level,Primary_Location,Dominant_Causal_Factor,Dominant_Root_Cause,Daily_Production_tons,Major_Equipment_Involved,Equipment_Availability_pct,Geological_Condition,Seismic_Activity,Weather,Dominant_Task,Worker_Category_Most_Affected,Workforce_Size,Overtime_Hours,Year,Environmental_Risk_Score,Task_Complexity_Score,Month,Day_of_Week,Is_Weekend,Quarter,Severity_Score,Days_Since_Last_Incident,Weather_Risk_Score,Equipment_Age_Risk,Worker_Training_Level,Training_Risk_Score,Shift_Risk_Score,Composite_Risk_Score,Location_Incident_Count,Days_Since_Last_Same_Location,Season,Equipment_Risk_Score,Task_Shift_Risk,Previous_Incident_Exposure,Weather_Task_Risk,Composite_Safety_Index,Risk_Category
IN-15-06-2020-010,Noble Gold Bibiani Ltd,Bibiani Mine,6/15/2020,Day,Yes,1,Vehicle Incident,High Potential,Mining Area,Human Error / Fatigue,System Failure,5840.63665,Vehicle,79.78910434,Moderate,Low,Clear,Unknown,Unknown,414,39.32922216,2020,2,3,6,0,0,2,2,2.681829456,1,2,Basic,4,2,2.15,179,999,Major Rainy Season,3,1,0,1,37.99313513,Medium Risk
IN-13-07-2020-010,Noble Gold Bibiani Ltd,Bibiani Mine,7/13/2020,Day,Yes,1,Near Miss,Critical Potential,Mining Area,Traffic Management Failure,Design Flaw,6681.966073,Vehicle,69.98621216,Moderate,Low,Clear,Unknown,Unknown,364,50,2020,1,3,7,0,0,3,3,8.585796693,1,5,Basic,4,2,2.25,179,28,Major Rainy Season,3,1,1,1,49.97326475,Medium Risk
IN-25-08-2020-010,Noble Gold Bibiani Ltd,Bibiani Mine,8/25/2020,Unknown,Yes,1,Personal Injury,Medium,Mining Area,Human Error / Fatigue,Human Error,6697.207549,Vehicle,82.92427788,Moderate,Low,Clear,Unknown,Unknown,417,28.98849437,2020,1,3,8,1,0,3,1,9.326226512,1,3,Intermediate,3,3,1.6,179,43,Major Rainy Season,3,1,1,1,30.30380431,Medium Risk
IN-01-04-2021-010,Newmont,Tarkwa,4/1/2021,Day,Yes,1,Fire,Medium,Mining Area,Inadequate Supervision,Human Behaviour,29063,Crusher,88.7,Highly Fractured,Moderate,High Dust,Welding,Driver,961,1,2021,3,5,4,3,0,2,1,1.61354005,,5,Advanced,2,2,,179,219,Minor Rainy Season,2,3,0,3,46.00836494,Medium Risk
IN-20-04-2021-010,Gold Fields,Damang,4/20/2021,Night,Yes,1,Chemical,Low,Mining Area,Design / Layout Deficiency,Human Behaviour,12083,Excavator,96.3,Moderate Fracturing,Moderate,Clear,Equipment Operation,Driver,1081,2,2021,4,4,4,1,0,2,0,15.77111361,1,4,Intermediate,3,4,2.25,179,19,Minor Rainy Season,4,4,1,1,49.19432434,Medium Risk
IN-27-04-2021-010,Gold Fields,Obuasi,4/27/2021,Day,Yes,1,Fall of Ground,Low,Mining Area,Poor Maintenance,Training Deficiency,6524,Truck,67.5,Stable,Low,Rain,Maintenance,Driver,238,18,2021,1,4,4,1,0,2,0,5.03459199,4,2,Intermediate,3,2,1.6,179,7,Minor Rainy Season,2,3,1,1,29.44183791,Low Risk
IN-23-05-2021-010,AngloGold Ashanti,Tarkwa,5/23/2021,Day,No,0,Equipment,Critical Potential,Mining Area,Unsafe Driving,Environmental Condition,31588,Crusher,65.2,Stable,Moderate,Extreme Heat,Driving,Operator,899,44,2021,1,2,5,6,1,2,3,0.408470047,4,3,Intermediate,3,2,2.35,179,26,Minor Rainy Season,2,1,0,3,54.50611827,High Risk
IN-25-05-2021-010,Newmont,Tarkwa,5/25/2021,Day,No,0,Equipment,Low,Mining Area,Human Error,Environmental Condition,24982,Loader,72,Stable,Moderate,Clear,Lifting,Mechanic,783,36,2021,1,3,5,1,0,2,0,19.9911732,1,2,Basic,4,2,1.2,179,2,Minor Rainy Season,2,3,0,1,14.57655113,Low Risk
IN-06-06-2021-010,Gold Fields,Ahafo,6/6/2021,Day,Yes,1,Chemical,Medium,Mining Area,Environmental Conditions,Training Deficiency,5105,Crusher,68.5,Highly Fractured,Low,High Dust,Driving,Driver,558,25,2021,4,2,6,6,1,2,1,5.555933068,,2,Basic,4,2,,179,12,Major Rainy Season,2,1,1,3,19.00801151,Low Risk
IN-12-06-2021-010,AngloGold Ashanti,Damang,6/12/2021,Day,No,0,Electrical,Medium,Mining Area,Design / Layout Deficiency,Equipment Failure,38397,Loader,79.8,Moderate Fracturing,Low,Clear,Equipment Operation,Welder,712,4,2021,1,4,6,5,1,2,1,5.705199967,1,4,Intermediate,3,2,1.65,179,6,Major Rainy Season,2,3,0,1,32.7685819,Medium Risk
IN-05-07-2021-010,Gold Fields,Ahafo,7/5/2021,Day,Yes,1,Fire,Low,Mining Area,Poor Maintenance,Training Deficiency,26932,Excavator,87.3,Moderate Fracturing,Moderate,Fog,Lifting,Driver,598,21,2021,3,3,7,0,0,3,0,0.601391529,2,5,Basic,4,2,1.8,179,23,Major Rainy Season,4,3,1,1,33.10296245,Medium Risk
IN-05-07-2021-010,Gold Fields,Tarkwa,7/5/2021,Night,No,0,Fall of Ground,Low,Mining Area,Poor Maintenance,Equipment Failure,31526,Truck,79.2,Stable,Low,Clear,Equipment Operation,Welder,808,22,2021,1,4,7,0,0,3,0,1.149310669,1,3,Basic,4,4,1.55,179,0,Major Rainy Season,2,4,1,1,33.55237489,Medium Risk
IN-14-07-2021-010,Gold Fields,Ahafo,7/14/2021,Night,Yes,1,Fall of Ground,Low,Mining Area,Unsafe Driving,Procedural Failure,34984,Crusher,85,Stable,Moderate,Rain,Welding,Welder,1098,26,2021,1,5,7,2,0,3,0,0.315244431,4,2,Intermediate,3,4,1.95,179,9,Major Rainy Season,2,4,1,1,48.41766168,Medium Risk
IN-20-07-2021-010,AngloGold Ashanti,Tarkwa,7/20/2021,Day,Yes,1,Fire,High Potential,Mining Area,Human Error,Human Behaviour,37371,,76.7,Highly Fractured,Low,Fog,Welding,Supervisor,797,39,2021,3,5,7,1,0,3,2,5.445469166,2,4,Intermediate,3,2,2.75,179,6,Major Rainy Season,2,3,0,1,53.84507456,High Risk
IN-22-07-2021-010,Gold Fields,Obuasi,7/22/2021,Night,No,0,Electrical,Medium,Mining Area,Environmental Conditions,Human Behaviour,35784,,65.4,Moderate Fracturing,Moderate,Clear,Welding,Supervisor,871,1,2021,1,5,7,3,0,3,1,4.437617454,1,3,Intermediate,3,4,2,179,2,Major Rainy Season,2,4,1,1,51.74440567,High Risk
IN-23-07-2021-010,AngloGold Ashanti,Damang,7/23/2021,Day,Yes,1,Chemical,High Potential,Mining Area,Design / Layout Deficiency,Environmental Condition,42487,Crusher,86.5,Highly Fractured,Low,Clear,Maintenance,Supervisor,753,10,2021,4,4,7,4,0,3,2,3.193654488,1,4,Intermediate,3,2,2.75,179,1,Major Rainy Season,2,3,1,1,44.74871153,Medium Risk
IN-02-08-2021-010,AngloGold Ashanti,Obuasi,8/2/2021,Day,Yes,1,Electrical,Low,Mining Area,Human Error,Training Deficiency,25281,Crusher,90.8,Highly Fractured,Low,Clear,Driving,Driver,1155,16,2021,1,2,8,0,0,3,0,4.010045537,1,5,Intermediate,3,2,1,179,10,Major Rainy Season,2,1,1,1,0,Low Risk
IN-02-08-2021-010,Gold Fields,Damang,8/2/2021,Night,No,0,Electrical,High Potential,Mining Area,Lack of Risk Assessment,Equipment Failure,21905,Truck,95.6,Highly Fractured,Low,Clear,Lifting,Operator,1184,9,2021,1,3,8,0,0,3,2,2.404365617,1,3,Basic,4,4,2.1,179,0,Major Rainy Season,2,4,1,1,51.30073299,High Risk
IN-15-08-2021-010,Gold Fields,Damang,8/15/2021,Night,Yes,1,Electrical,Medium,Mining Area,Environmental Conditions,Procedural Failure,30860,Excavator,97.7,Highly Fractured,Low,Fog,Equipment Operation,Driver,209,28,2021,1,4,8,6,1,3,1,0.979225666,2,5,Basic,4,4,2,179,13,Major Rainy Season,4,4,1,1,64.05891584,High Risk
IN-19-08-2021-010,AngloGold Ashanti,Damang,8/19/2021,Night,Yes,1,Electrical,Medium,Mining Area,Inadequate Supervision,Procedural Failure,42643,Truck,83,Stable,Moderate,Clear,Lifting,Mechanic,455,29,2021,1,3,8,3,0,3,1,0.158466614,1,5,Intermediate,3,4,1.7,179,4,Major Rainy Season,2,4,1,1,39.32060337,Medium Risk
IN-24-08-2021-010,Gold Fields,Ahafo,8/24/2021,Day,No,0,Electrical,Medium,Mining Area,Design / Layout Deficiency,Environmental Condition,41727,Truck,81.3,Stable,Low,Rain,Maintenance,Supervisor,1183,5,2021,1,4,8,1,0,3,1,2.60975756,4,3,Intermediate,3,2,1.95,179,5,Major Rainy Season,2,3,1,1,41.42196754,Medium Risk
IN-09-09-2021-010,AngloGold Ashanti,Obuasi,9/9/2021,Day,Yes,1,Electrical,High Potential,Mining Area,Inadequate Supervision,Procedural Failure,38365,Truck,82.3,Stable,Low,Clear,Equipment Operation,Driver,622,20,2021,1,4,9,3,0,3,2,0.83224018,1,3,Intermediate,3,2,2,179,16,Transition Season,2,3,1,1,44.74871153,Medium Risk
IN-27-09-2021-010,AngloGold Ashanti,Ahafo,9/27/2021,Day,No,0,Equipment,Medium,Mining Area,Poor Maintenance,Environmental Condition,25980,Excavator,78.6,Highly Fractured,Low,Clear,Driving,Operator,813,17,2021,1,2,9,0,0,3,1,6.673634171,1,3,Basic,4,2,1.4,179,18,Transition Season,4,1,1,1,27.62207907,Low Risk
IN-17-10-2021-010,Gold Fields,Obuasi,10/17/2021,Night,Yes,1,Fall of Ground,Low,Mining Area,Inadequate Supervision,Equipment Failure,17452,,69.9,Stable,Low,Clear,Equipment Operation,Mechanic,316,10,2021,1,4,10,6,1,4,0,0.415933811,1,2,Basic,4,4,1.55,179,20,Transition Season,2,4,1,1,33.55237489,Medium Risk
IN-06-11-2021-010,Gold Fields,Tarkwa,11/6/2021,Day,No,0,Vehicle,Medium,Mining Area,Human Error,Environmental Condition,20717,Crusher,69.8,Moderate Fracturing,Low,Clear,Lifting,Operator,494,44,2021,2,3,11,5,1,4,1,0.69851336,1,4,Basic,4,2,1.8,179,20,Transition Season,2,3,1,1,26.55668075,Low Risk
IN-09-11-2021-010,AngloGold Ashanti,Damang,11/9/2021,Night,No,0,Fire,Medium,Mining Area,Human Error,Procedural Failure,26281,Crusher,78.4,Moderate Fracturing,Low,Clear,Lifting,Supervisor,884,36,2021,3,3,11,1,0,4,1,5.2474077,1,5,Basic,4,4,2.25,179,3,Transition Season,2,4,1,1,39.32060337,Medium Risk
IN-23-11-2021-010,AngloGold Ashanti,Damang,11/23/2021,Night,No,0,Vehicle,High Potential,Mining Area,Environmental Conditions,Environmental Condition,8866,,67.5,Highly Fractured,Moderate,Clear,Welding,Driver,232,25,2021,2,5,11,1,0,4,2,5.7817763,1,4,Advanced,2,4,2.55,179,14,Transition Season,2,4,1,1,63.7245353,High Risk
IN-26-11-2021-010,Gold Fields,Obuasi,11/26/2021,Night,No,0,Fall of Ground,Low,Mining Area,Human Error,Procedural Failure,40205,,96,Stable,High,Fog,Equipment Operation,Mechanic,336,14,2021,1,4,11,4,0,4,0,0.047937008,2,4,Basic,4,4,1.65,179,3,Transition Season,2,4,1,1,36.43683677,Medium Risk
IN-04-12-2021-010,Newmont,Tarkwa,12/4/2021,Night,Yes,1,Electrical,Critical Potential,Mining Area,Design / Layout Deficiency,Training Deficiency,40517,,88.5,Highly Fractured,Low,Clear,Equipment Operation,Welder,750,21,2021,1,4,12,5,1,4,3,2.971943586,1,3,Basic,4,4,2.6,179,8,Dry Season,2,4,1,1,69.49276377,High Risk
IN-11-12-2021-010,AngloGold Ashanti,Damang,12/11/2021,Day,Yes,1,Fall of Ground,Medium,Mining Area,Environmental Conditions,Training Deficiency,5619,Excavator,89.2,Stable,High,Extreme Heat,Welding,Operator,1129,25,2021,1,5,12,5,1,4,1,0.260838225,4,3,Intermediate,3,2,2.1,179,7,Dry Season,4,3,1,3,73.1881619,Critical Risk
IN-20-12-2021-010,Newmont,Obuasi,12/20/2021,Night,Yes,1,Equipment,Low,Mining Area,Human Error,Equipment Failure,24167,,96.3,Moderate Fracturing,Low,Clear,Maintenance,Operator,501,25,2021,1,4,12,0,0,4,0,14.97479907,1,4,Intermediate,3,4,1.5,179,9,Dry Season,2,4,1,1,33.55237489,Medium Risk
IN-09-01-2022-010,Newmont,Damang,1/9/2022,Night,Yes,1,Fall of Ground,Low,Mining Area,Human Error,Training Deficiency,23485,Loader,68.1,Highly Fractured,Low,Fog,Lifting,Supervisor,578,18,2022,1,3,1,6,1,1,0,1.912459968,2,3,Basic,4,4,1.5,179,20,Dry Season,2,4,1,1,30.22493562,Medium Risk
IN-11-01-2022-010,Newmont,Obuasi,1/11/2022,Day,Yes,1,Chemical,Medium,Mining Area,Environmental Conditions,Equipment Failure,10283,Excavator,74.3,Moderate Fracturing,Low,Clear,Equipment Operation,Mechanic,693,2,2022,4,4,1,1,0,1,1,4.097915632,1,3,Intermediate,3,2,2.4,179,2,Dry Season,4,3,1,1,48.41053135,Medium Risk
IN-14-01-2022-010,AngloGold Ashanti,Damang,1/14/2022,Night,Yes,1,Equipment,Low,Mining Area,Human Error,Procedural Failure,21402,,67.4,Moderate Fracturing,Low,High Dust,Welding,Welder,893,32,2022,1,5,1,4,0,1,0,3.563527525,,3,Intermediate,3,4,,179,3,Dry Season,2,4,1,3,46.79215793,Medium Risk
IN-14-01-2022-010,AngloGold Ashanti,Tarkwa,1/14/2022,Night,No,0,Electrical,High Potential,Mining Area,Human Error,Procedural Failure,20721,Loader,96.1,Stable,Low,High Dust,Equipment Operation,Supervisor,746,23,2022,1,4,1,4,0,1,2,1.066146087,,4,Intermediate,3,4,,179,0,Dry Season,2,4,1,3,64.54051603,High Risk
IN-22-01-2022-010,Gold Fields,Tarkwa,1/22/2022,Night,No,0,Fire,Critical Potential,Mining Area,Environmental Conditions,Training Deficiency,34240,Loader,79.9,Moderate Fracturing,Low,Extreme Heat,Welding,Welder,517,22,2022,3,5,1,5,1,1,3,2.158205625,4,5,Intermediate,3,4,3.5,179,8,Dry Season,2,4,1,3,94.27039432,Critical Risk
IN-27-01-2022-010,AngloGold Ashanti,Obuasi,1/27/2022,Day,No,0,Equipment,Medium,Mining Area,Unsafe Driving,Training Deficiency,37088,Excavator,73.9,Moderate Fracturing,Moderate,Clear,Equipment Operation,Supervisor,694,17,2022,1,4,1,3,0,1,1,1.753800303,1,3,Intermediate,3,2,1.65,179,5,Dry Season,4,3,1,1,48.41053135,Medium Risk
IN-12-02-2022-010,Gold Fields,Ahafo,2/12/2022,Night,Yes,1,Equipment,Low,Mining Area,Human Error,Training Deficiency,11539,Excavator,92.1,Moderate Fracturing,High,Clear,Driving,Mechanic,877,39,2022,1,2,2,5,1,1,0,6.256266767,1,3,Intermediate,3,4,1.2,179,16,Dry Season,4,2,1,1,28.40587206,Low Risk
IN-17-02-2022-010,AngloGold Ashanti,Damang,2/17/2022,Day,No,0,Electrical,Critical Potential,Mining Area,Design / Layout Deficiency,Procedural Failure,20810,Loader,81.8,Stable,Moderate,Rain,Equipment Operation,Driver,450,28,2022,1,4,2,3,0,1,3,2.379093278,4,2,Intermediate,3,2,2.65,179,5,Dry Season,2,3,1,3,75.29457055,Critical Risk
IN-26-02-2022-010,Newmont,Obuasi,2/26/2022,Night,Yes,1,Equipment,Critical Potential,Mining Area,Design / Layout Deficiency,Environmental Condition,5489,,82.9,Moderate Fracturing,Low,Clear,Welding,Mechanic,253,8,2022,1,5,2,5,1,1,3,10.92842375,1,3,Intermediate,3,4,2.7,179,9,Dry Season,2,4,1,1,75.70466492,Critical Risk
IN-06-03-2022-010,Gold Fields,Obuasi,3/6/2022,Night,Yes,1,Chemical,High Potential,Mining Area,Design / Layout Deficiency,Human Behaviour,37323,Loader,95.1,Moderate Fracturing,Low,Rain,Driving,Driver,427,18,2022,4,2,3,6,1,1,2,0.716210137,4,3,Basic,4,4,3,179,8,Minor Rainy Season,2,2,1,3,55.28991126,High Risk
IN-08-03-2022-010,Gold Fields,Ahafo,3/8/2022,Day,No,0,Fire,Low,Mining Area,Unsafe Driving,Training Deficiency,37551,Truck,95.9,Moderate Fracturing,High,Clear,Driving,Welder,486,18,2022,3,2,3,1,0,1,0,1.892151126,1,4,Basic,4,2,1.55,179,2,Minor Rainy Season,2,1,1,1,0,Low Risk
IN-10-03-2022-010,AngloGold Ashanti,Damang,3/10/2022,Night,Yes,1,Equipment,Medium,Mining Area,Human Error,Training Deficiency,22478,Crusher,70.5,Highly Fractured,Low,Clear,Maintenance,Welder,982,11,2022,1,4,3,3,0,1,1,10.56186725,1,4,Advanced,2,4,1.8,179,2,Minor Rainy Season,2,4,1,1,45.53250452,Medium Risk
IN-02-05-2022-010,AngloGold Ashanti,Damang,5/2/2022,Day,Yes,1,Fall of Ground,Medium,Mining Area,Design / Layout Deficiency,Environmental Condition,29535,Truck,81.5,Moderate Fracturing,Low,Clear,Driving,Mechanic,1086,18,2022,1,2,5,0,0,2,1,1.965016105,1,5,Intermediate,3,2,1.35,179,53,Minor Rainy Season,2,1,1,1,11.98012963,Low Risk
IN-09-05-2022-010,Gold Fields,Tarkwa,5/9/2022,Night,Yes,1,Fall of Ground,Low,Mining Area,Unsafe Driving,Environmental Condition,10543,Truck,80.4,Stable,Moderate,Fog,Lifting,Welder,777,19,2022,1,3,5,0,0,2,0,3.259239297,2,5,Basic,4,4,1.5,179,7,Minor Rainy Season,2,4,1,1,30.22493562,Medium Risk
IN-10-05-2022-010,Gold Fields,Damang,5/10/2022,Day,Yes,1,Electrical,High Potential,Mining Area,Human Error,Training Deficiency,9922,Excavator,88.4,Highly Fractured,Moderate,Clear,Lifting,Welder,340,42,2022,1,3,5,1,0,2,2,8.06759816,1,4,Basic,4,2,1.9,179,1,Minor Rainy Season,4,3,1,1,54.17875982,High Risk
IN-15-05-2022-010,Gold Fields,Damang,5/15/2022,Day,Yes,1,Equipment,Critical Potential,Mining Area,Poor Maintenance,Human Behaviour,27692,Excavator,95.1,Stable,Low,Clear,Lifting,Operator,1117,28,2022,1,3,5,6,1,2,3,3.544293877,1,4,Intermediate,3,2,2.2,179,5,Minor Rainy Season,4,3,1,1,66.15888945,High Risk
IN-20-05-2022-010,Newmont,Obuasi,5/20/2022,Night,No,0,Equipment,Critical Potential,Mining Area,Unsafe Driving,Environmental Condition,35497,,97.8,Moderate Fracturing,Low,Clear,Maintenance,Mechanic,640,3,2022,1,4,5,4,0,2,3,2.170256663,1,3,Intermediate,3,4,2.55,179,5,Minor Rainy Season,2,4,1,1,69.49276377,High Risk
IN-02-06-2022-010,AngloGold Ashanti,Damang,6/2/2022,Day,No,0,Fire,Medium,Mining Area,Human Error,Environmental Condition,15310,Loader,93.8,Highly Fractured,Low,Clear,Lifting,Operator,955,32,2022,3,3,6,3,0,2,1,2.361015332,1,5,Basic,4,2,2.05,179,13,Major Rainy Season,2,3,1,1,26.55668075,Low Risk
IN-06-06-2022-010,Gold Fields,Tarkwa,6/6/2022,Day,No,0,Chemical,Low,Mining Area,Unsafe Driving,Environmental Condition,10696,Excavator,91.7,Highly Fractured,Low,High Dust,Equipment Operation,Supervisor,523,37,2022,4,4,6,0,0,2,0,2.087823937,,3,Intermediate,3,2,,179,4,Major Rainy Season,4,3,1,3,43.45828361,Medium Risk
IN-07-06-2022-010,Newmont,Obuasi,6/7/2022,Night,No,0,Fall of Ground,Medium,Mining Area,Unsafe Driving,Human Behaviour,11533,Crusher,66.3,Moderate Fracturing,Low,Clear,Welding,Driver,1137,35,2022,1,5,6,1,0,2,1,4.037934287,1,4,Intermediate,3,4,2,179,1,Major Rainy Season,2,4,1,1,51.74440567,High Risk
IN-20-06-2022-010,Gold Fields,Damang,6/20/2022,Day,Yes,1,Fall of Ground,Medium,Mining Area,Poor Maintenance,Equipment Failure,38691,Truck,67.8,Highly Fractured,Moderate,Extreme Heat,Equipment Operation,Operator,241,21,2022,1,4,6,0,0,2,1,1.035290676,4,5,Intermediate,3,2,1.95,179,13,Major Rainy Season,2,3,1,3,51.3343113,High Risk
IN-27-06-2022-010,Newmont,Ahafo,6/27/2022,Night,Yes,1,Chemical,High Potential,Mining Area,Poor Maintenance,Procedural Failure,41358,Truck,96.5,Stable,Low,Clear,Welding,Operator,941,24,2022,4,5,6,0,0,2,2,0.402687482,1,5,Intermediate,3,4,3.1,179,7,Major Rainy Season,2,4,1,1,63.7245353,High Risk
IN-04-07-2022-010,Newmont,Obuasi,7/4/2022,Day,Yes,1,Fire,Critical Potential,Mining Area,Human Error,Environmental Condition,29648,Crusher,81.9,Moderate Fracturing,Low,Clear,Welding,Supervisor,405,36,2022,3,5,7,0,0,3,3,3.175340542,1,3,Intermediate,3,2,3,179,7,Major Rainy Season,2,3,1,1,62.94074231,High Risk
IN-20-07-2022-010,Gold Fields,Obuasi,7/20/2022,Night,Yes,1,Electrical,High Potential,Mining Area,Design / Layout Deficiency,Training Deficiency,41444,,65.6,Stable,Moderate,Clear,Equipment Operation,Driver,1189,15,2022,1,4,7,2,0,3,2,2.564267041,1,3,Intermediate,3,4,2.2,179,16,Major Rainy Season,2,4,1,1,57.51263414,High Risk
IN-20-07-2022-010,Gold Fields,Ahafo,7/20/2022,Day,Yes,1,Vehicle,Critical Potential,Mining Area,Human Error,Procedural Failure,8084,Loader,84,Moderate Fracturing,Moderate,Clear,Equipment Operation,Operator,786,30,2022,2,4,7,2,0,3,3,5.38494883,1,2,Basic,4,2,2.65,179,0,Major Rainy Season,2,3,1,1,56.72884115,High Risk
IN-09-08-2022-010,Newmont,Obuasi,8/9/2022,Day,No,0,Equipment,Medium,Mining Area,Lack of Risk Assessment,Equipment Failure,31502,Truck,76,Moderate Fracturing,Moderate,High Dust,Maintenance,Operator,425,22,2022,1,4,8,1,0,3,1,0.033313363,,5,Intermediate,3,2,,179,20,Major Rainy Season,2,3,1,3,39.79646379,Medium Risk
IN-23-08-2022-010,Newmont,Obuasi,8/23/2022,Day,No,0,Chemical,Medium,Mining Area,Unsafe Driving,Training Deficiency,9567,Truck,77.9,Moderate Fracturing,Low,Rain,Equipment Operation,Supervisor,625,32,2022,4,4,8,1,0,3,1,8.373974297,4,4,Intermediate,3,2,2.7,179,14,Major Rainy Season,2,3,1,3,51.3343113,High Risk
IN-26-08-2022-010,Newmont,Tarkwa,8/26/2022,Day,No,0,Fire,Medium,Mining Area,Design / Layout Deficiency,Training Deficiency,29326,Loader,82.8,Moderate Fracturing,Low,High Dust,Welding,Supervisor,673,17,2022,3,5,8,4,0,3,1,10.66138832,,3,Advanced,2,2,,179,3,Major Rainy Season,2,3,1,3,46.00836494,Medium Risk
IN-06-09-2022-010,AngloGold Ashanti,Tarkwa,9/6/2022,Night,Yes,1,Vehicle,Medium,Mining Area,Unsafe Driving,Training Deficiency,22107,Excavator,96.9,Stable,Low,Rain,Lifting,Driver,339,15,2022,2,3,9,1,0,3,1,1.334541819,4,4,Intermediate,3,4,2.25,179,11,Transition Season,4,4,1,1,63.61593845,High Risk
IN-10-09-2022-010,AngloGold Ashanti,Damang,9/10/2022,Night,Yes,1,Fire,Critical Potential,Mining Area,Inadequate Supervision,Environmental Condition,15492,Loader,74.1,Stable,Low,Clear,Lifting,Driver,328,10,2022,3,3,9,5,1,3,3,0.880101498,1,2,Basic,4,4,2.95,179,4,Transition Season,2,4,1,1,63.28086262,High Risk
IN-10-09-2022-010,Newmont,Tarkwa,9/10/2022,Day,Yes,1,Fire,Medium,Mining Area,Unsafe Driving,Training Deficiency,29600,Excavator,91.1,Stable,Low,Fog,Welding,Driver,412,31,2022,3,5,9,5,1,3,1,5.330023131,2,4,Advanced,2,2,2.35,179,0,Transition Season,4,3,1,1,57.50689438,High Risk
IN-18-09-2022-010,Gold Fields,Damang,9/18/2022,Day,Yes,1,Chemical,High Potential,Mining Area,Unsafe Driving,Human Behaviour,11022,Loader,93.1,Highly Fractured,Low,Rain,Welding,Supervisor,716,11,2022,4,5,9,6,1,3,2,2.257582331,4,2,Advanced,2,2,3.15,179,8,Transition Season,2,3,1,1,59.61399831,High Risk
IN-09-10-2022-010,Newmont,Damang,10/9/2022,Day,Yes,1,Fall of Ground,High Potential,Mining Area,Human Error,Environmental Condition,16332,Loader,80.7,Highly Fractured,Moderate,Clear,Equipment Operation,Mechanic,1055,33,2022,1,4,10,6,1,4,2,3.002285066,1,4,Intermediate,3,2,2,179,21,Transition Season,2,3,1,1,44.74871153,Medium Risk
IN-12-10-2022-010,Gold Fields,Obuasi,10/12/2022,Day,No,0,Equipment,Medium,Mining Area,Unsafe Driving,Human Behaviour,9150,Loader,80.1,Stable,Low,High Dust,Maintenance,Operator,557,44,2022,1,4,10,2,0,4,1,6.050418941,,3,Intermediate,3,2,,179,3,Transition Season,2,3,1,3,39.79646379,Medium Risk
IN-13-10-2022-010,Gold Fields,Ahafo,10/13/2022,Night,Yes,1,Chemical,Medium,Mining Area,Human Error,Environmental Condition,38972,Truck,72.1,Stable,Moderate,High Dust,Maintenance,Mechanic,576,33,2022,4,4,10,3,0,4,1,19.62304776,,3,Advanced,2,4,,179,1,Transition Season,2,4,1,3,52.5603864,High Risk
IN-16-10-2022-010,Gold Fields,Tarkwa,10/16/2022,Day,Yes,1,Fire,Critical Potential,Mining Area,Human Error,Procedural Failure,19635,Crusher,77.6,Stable,Low,Clear,Lifting,Welder,511,39,2022,3,3,10,6,1,4,3,0.657464514,1,4,Basic,4,2,2.75,179,3,Transition Season,2,3,1,1,50.51694,High Risk
IN-19-10-2022-010,Gold Fields,Ahafo,10/19/2022,Day,Yes,1,Chemical,High Potential,Mining Area,Lack of Risk Assessment,Environmental Condition,24403,Loader,91.5,Highly Fractured,Moderate,High Dust,Equipment Operation,Mechanic,709,4,2022,4,4,10,2,0,4,2,2.095633905,,4,Basic,4,2,,179,3,Transition Season,2,3,1,3,51.77659341,High Risk
IN-02-11-2022-010,AngloGold Ashanti,Damang,11/2/2022,Day,No,0,Equipment,Medium,Mining Area,Human Error,Equipment Failure,13418,Crusher,79.7,Stable,Moderate,Extreme Heat,Driving,Driver,892,1,2022,1,2,11,2,0,4,1,9.264111851,4,2,Intermediate,3,2,1.65,179,14,Transition Season,2,1,1,3,30.54585902,Medium Risk
IN-09-11-2022-010,Gold Fields,Ahafo,11/9/2022,Night,Yes,1,Fire,Medium,Mining Area,Inadequate Supervision,Training Deficiency,33716,Loader,74.2,Moderate Fracturing,Moderate,Clear,Maintenance,Supervisor,615,16,2022,3,4,11,2,0,4,1,1.031146362,1,2,Intermediate,3,4,2.35,179,7,Transition Season,2,4,1,1,45.53250452,Medium Risk
IN-12-11-2022-010,Gold Fields,Tarkwa,11/12/2022,Day,Yes,1,Vehicle,Critical Potential,Mining Area,Unsafe Driving,Environmental Condition,11743,Truck,73.9,Highly Fractured,Low,Rain,Equipment Operation,Supervisor,922,21,2022,2,4,11,5,1,4,3,0.34188837,4,4,Intermediate,3,2,2.9,179,3,Transition Season,2,3,1,3,75.29457055,Critical Risk
IN-27-11-2022-010,Gold Fields,Obuasi,11/27/2022,Night,Yes,1,Equipment,Medium,Mining Area,Human Error,Human Behaviour,43285,Crusher,87.8,Highly Fractured,High,Clear,Lifting,Operator,434,37,2022,1,3,11,6,1,4,1,2.100075827,1,3,Basic,4,4,1.75,179,15,Transition Season,2,4,1,1,39.32060337,Medium Risk
IN-03-12-2022-010,AngloGold Ashanti,Ahafo,12/3/2022,Night,No,0,Fall of Ground,Critical Potential,Mining Area,Unsafe Driving,Training Deficiency,18393,Loader,66.9,Stable,Low,Extreme Heat,Lifting,Driver,1160,9,2022,1,3,12,5,1,4,3,0.945332514,4,3,Basic,4,4,2.75,179,6,Dry Season,2,4,1,3,81.84659201,Critical Risk
IN-09-12-2022-010,Gold Fields,Ahafo,12/9/2022,Night,Yes,1,Fire,High Potential,Mining Area,Human Error,Human Behaviour,30251,Crusher,82.2,Highly Fractured,Low,Clear,Driving,Driver,791,32,2022,3,2,12,4,0,4,2,0.366777291,1,2,Intermediate,3,4,2.4,179,6,Dry Season,2,2,1,1,36.72418187,Medium Risk
IN-18-12-2022-010,AngloGold Ashanti,Tarkwa,12/18/2022,Day,Yes,1,Electrical,High Potential,Mining Area,Unsafe Driving,Procedural Failure,40694,Truck,71.3,Stable,Moderate,Clear,Equipment Operation,Mechanic,751,43,2022,1,4,12,6,1,4,2,7.088181013,1,4,Basic,4,2,2.05,179,9,Dry Season,2,3,1,1,44.74871153,Medium Risk
IN-22-12-2022-010,Newmont,Obuasi,12/22/2022,Day,No,0,Fire,Medium,Mining Area,Human Error,Human Behaviour,23029,,79.7,Moderate Fracturing,Moderate,Clear,Driving,Operator,1196,22,2022,3,2,12,3,0,4,1,2.868260181,1,3,Intermediate,3,2,1.85,179,4,Dry Season,2,1,1,1,11.98012963,Low Risk
IN-25-12-2022-010,Newmont,Obuasi,12/25/2022,Day,No,0,Fall of Ground,Low,Mining Area,Unsafe Driving,Human Behaviour,19670,,74.9,Moderate Fracturing,Low,Fog,Equipment Operation,Mechanic,825,32,2022,1,4,12,6,1,4,0,11.01014921,2,3,Basic,4,2,1.45,179,3,Dry Season,2,3,1,1,23.67291416,Low Risk
IN-05-01-2023-010,Newmont,Damang,1/5/2023,Night,No,0,Fire,Critical Potential,Mining Area,Human Error,Environmental Condition,16560,Loader,65.8,Highly Fractured,Low,Extreme Heat,Maintenance,Supervisor,1130,10,2023,3,4,1,3,0,1,3,8.025708464,4,4,Advanced,2,4,3.3,179,11,Dry Season,2,4,1,3,88.05849316,Critical Risk
IN-26-01-2023-010,Newmont,Obuasi,1/26/2023,Day,No,0,Equipment,High Potential,Mining Area,Environmental Conditions,Equipment Failure,42789,,68.6,Highly Fractured,High,Fog,Lifting,Mechanic,595,17,2023,1,3,1,3,0,1,2,4.417752396,2,2,Intermediate,3,2,1.95,179,21,Dry Season,2,3,1,1,41.42127225,Medium Risk
IN-22-03-2023-010,Newmont,Tarkwa,3/22/2023,Day,Yes,1,Equipment,High Potential,Mining Area,Unsafe Driving,Training Deficiency,38734,Loader,79.2,Moderate Fracturing,Low,Rain,Driving,Supervisor,842,36,2023,1,2,3,2,0,1,2,15.02426871,4,2,Intermediate,3,2,2,179,55,Minor Rainy Season,2,1,1,3,42.52598865,Medium Risk
IN-12-04-2023-010,Newmont,Ahafo,4/12/2023,Night,Yes,1,Chemical,Medium,Mining Area,Poor Maintenance,Equipment Failure,5055,,91.7,Moderate Fracturing,Low,Clear,Lifting,Mechanic,592,9,2023,4,3,4,2,0,2,1,1.859731786,1,4,Basic,4,4,2.5,179,21,Minor Rainy Season,2,4,1,1,39.32060337,Medium Risk
IN-21-04-2023-010,AngloGold Ashanti,Tarkwa,4/21/2023,Day,No,0,Fall of Ground,Critical Potential,Mining Area,Unsafe Driving,Equipment Failure,30738,,74.5,Stable,Low,Rain,Maintenance,Operator,1125,7,2023,1,4,4,4,0,2,3,7.732635454,4,5,Intermediate,3,2,2.65,179,9,Minor Rainy Season,2,3,1,1,65.38222679,High Risk
IN-23-04-2023-010,Gold Fields,Damang,4/23/2023,Night,Yes,1,Equipment,Low,Mining Area,Human Error,Procedural Failure,12036,Truck,84.7,Moderate Fracturing,Low,Extreme Heat,Welding,Operator,213,40,2023,1,5,4,6,1,2,0,0.295153641,4,5,Advanced,2,4,1.9,179,2,Minor Rainy Season,2,4,1,3,58.33000544,High Risk
IN-02-05-2023-010,Gold Fields,Ahafo,5/2/2023,Day,Yes,1,Fall of Ground,Medium,Mining Area,Unsafe Driving,Training Deficiency,31013,Truck,72.6,Highly Fractured,Moderate,Rain,Equipment Operation,Mechanic,435,28,2023,1,4,5,1,0,2,1,0.540320286,4,2,Intermediate,3,2,1.95,179,9,Minor Rainy Season,2,3,1,3,51.3343113,High Risk
IN-09-05-2023-010,Newmont,Ahafo,5/9/2023,Day,No,0,Electrical,Low,Mining Area,Design / Layout Deficiency,Training Deficiency,39959,Truck,96.6,Highly Fractured,Low,Rain,Maintenance,Mechanic,496,18,2023,1,4,5,1,0,2,0,1.204712736,4,3,Intermediate,3,2,1.6,179,7,Minor Rainy Season,2,3,1,1,29.44183791,Low Risk
IN-13-05-2023-010,AngloGold Ashanti,Obuasi,5/13/2023,Day,Yes,1,Electrical,Medium,Mining Area,Poor Maintenance,Human Behaviour,12737,Truck,93.6,Stable,Low,Clear,Driving,Driver,351,23,2023,1,2,5,5,1,2,1,3.194661182,1,3,Intermediate,3,2,1.35,179,4,Minor Rainy Season,2,1,1,1,11.98012963,Low Risk
IN-03-06-2023-010,AngloGold Ashanti,Ahafo,6/3/2023,Night,Yes,1,Electrical,High Potential,Mining Area,Human Error,Procedural Failure,22570,,67.5,Highly Fractured,Low,Extreme Heat,Maintenance,Mechanic,306,6,2023,1,4,6,5,1,2,2,4.761393941,4,3,Advanced,2,4,2.45,179,21,Major Rainy Season,2,4,1,3,76.07836354,Critical Risk
IN-12-06-2023-010,AngloGold Ashanti,Tarkwa,6/12/2023,Day,Yes,1,Electrical,Critical Potential,Mining Area,Human Error,Procedural Failure,42067,,97.9,Highly Fractured,Moderate,Clear,Maintenance,Driver,465,27,2023,1,4,6,0,0,2,3,0.145164444,1,2,Intermediate,3,2,2.35,179,9,Major Rainy Season,2,3,1,1,56.72884115,High Risk
IN-14-06-2023-010,AngloGold Ashanti,Damang,6/14/2023,Night,No,0,Fire,High Potential,Mining Area,Unsafe Driving,Human Behaviour,14795,Crusher,69.4,Highly Fractured,Moderate,Clear,Equipment Operation,Operator,288,18,2023,3,4,6,2,0,2,2,1.375615221,1,5,Intermediate,3,4,2.7,179,2,Major Rainy Season,2,4,1,1,57.51263414,High Risk
IN-24-06-2023-010,Newmont,Obuasi,6/24/2023,Day,Yes,1,Equipment,Medium,Mining Area,Design / Layout Deficiency,Equipment Failure,7402,Truck,65.4,Highly Fractured,Moderate,Clear,Maintenance,Supervisor,520,25,2023,1,4,6,5,1,2,1,1.334837618,1,5,Intermediate,3,2,1.65,179,10,Major Rainy Season,2,3,1,1,32.7685819,Medium Risk
IN-27-06-2023-010,Newmont,Damang,6/27/2023,Night,No,0,Chemical,Medium,Mining Area,Design / Layout Deficiency,Procedural Failure,27391,Crusher,93.2,Stable,Moderate,High Dust,Equipment Operation,Operator,386,13,2023,4,4,6,1,0,2,1,13.58705541,,5,Intermediate,3,4,,179,3,Major Rainy Season,2,4,1,3,52.5603864,High Risk
IN-01-07-2023-010,AngloGold Ashanti,Obuasi,7/1/2023,Night,Yes,1,Chemical,Low,Mining Area,Lack of Risk Assessment,Human Behaviour,36707,Truck,82.4,Stable,Low,Clear,Driving,Driver,467,29,2023,4,2,7,5,1,3,0,7.105007187,1,4,Intermediate,3,4,1.95,179,4,Major Rainy Season,2,2,1,1,12.76392262,Low Risk
IN-08-07-2023-010,AngloGold Ashanti,Ahafo,7/8/2023,Night,No,0,Electrical,Medium,Mining Area,Poor Maintenance,Training Deficiency,18854,Truck,94.5,Highly Fractured,Low,Clear,Welding,Welder,1148,8,2023,1,5,7,5,1,3,1,1.257940036,1,3,Intermediate,3,4,2,179,7,Major Rainy Season,2,4,1,1,51.74440567,High Risk
IN-09-07-2023-010,Newmont,Obuasi,7/9/2023,Day,Yes,1,Electrical,Medium,Mining Area,Human Error,Training Deficiency,37839,Excavator,78.9,Stable,Low,Clear,Equipment Operation,Welder,852,1,2023,1,4,7,6,1,3,1,1.127165735,1,5,Basic,4,2,1.7,179,1,Major Rainy Season,4,3,1,1,48.41053135,Medium Risk
IN-16-07-2023-010,Gold Fields,Obuasi,7/16/2023,Day,No,0,Electrical,High Potential,Mining Area,Design / Layout Deficiency,Training Deficiency,43440,,79.7,Moderate Fracturing,Low,Rain,Equipment Operation,Supervisor,1191,5,2023,1,4,7,6,1,3,2,0.460772523,4,2,Basic,4,2,2.35,179,7,Major Rainy Season,2,3,1,3,63.31444092,High Risk
IN-04-08-2023-010,Gold Fields,Ahafo,8/4/2023,Day,Yes,1,Fire,Medium,Mining Area,Human Error,Human Behaviour,19677,Excavator,91.8,Highly Fractured,Moderate,Clear,Welding,Supervisor,294,21,2023,3,5,8,4,0,3,1,0.542574807,1,4,Intermediate,3,2,2.3,179,19,Major Rainy Season,4,3,1,1,54.6224325,High Risk
IN-09-08-2023-010,Gold Fields,Tarkwa,8/9/2023,Day,Yes,1,Chemical,High Potential,Mining Area,Environmental Conditions,Human Behaviour,16542,Excavator,87.9,Moderate Fracturing,Low,Extreme Heat,Maintenance,Welder,218,3,2023,4,4,8,2,0,3,2,1.735178603,4,5,Intermediate,3,2,3.05,179,5,Major Rainy Season,4,3,1,3,78.95639037,Critical Risk
IN-26-08-2023-010,Newmont,Obuasi,8/26/2023,Day,No,0,Equipment,Medium,Mining Area,Poor Maintenance,Human Behaviour,30745,,87.1,Highly Fractured,Moderate,Clear,Equipment Operation,Supervisor,1030,7,2023,1,4,8,5,1,3,1,2.102255575,1,4,Basic,4,2,1.7,179,17,Major Rainy Season,2,3,1,1,32.7685819,Medium Risk
IN-12-09-2023-010,AngloGold Ashanti,Damang,9/12/2023,Day,Yes,1,Fire,High Potential,Mining Area,Unsafe Driving,Training Deficiency,19481,Crusher,76.8,Highly Fractured,Low,Rain,Driving,Mechanic,1112,30,2023,3,2,9,1,0,3,2,1.614046665,4,2,Basic,4,2,2.55,179,17,Transition Season,2,1,1,3,42.52598865,Medium Risk
IN-14-09-2023-010,Newmont,Obuasi,9/14/2023,Day,No,0,Electrical,Medium,Mining Area,Human Error,Environmental Condition,38359,,77.9,Stable,Moderate,Rain,Equipment Operation,Driver,980,37,2023,1,4,9,3,0,3,1,1.413721965,4,4,Basic,4,2,2,179,2,Transition Season,2,3,1,3,51.3343113,High Risk
IN-18-09-2023-010,Newmont,Damang,9/18/2023,Day,No,0,Fire,Low,Mining Area,Poor Maintenance,Procedural Failure,31502,Crusher,74.8,Highly Fractured,Low,Rain,Welding,Driver,690,12,2023,3,5,9,0,0,3,0,21.42364701,4,5,Advanced,2,2,2.2,179,4,Transition Season,2,3,1,1,35.65373906,Medium Risk
IN-14-10-2023-010,AngloGold Ashanti,Ahafo,10/14/2023,Day,Yes,1,Chemical,Medium,Mining Area,Unsafe Driving,Procedural Failure,10741,Crusher,74.3,Highly Fractured,Low,Fog,Driving,Operator,606,1,2023,4,2,10,5,1,4,1,1.953188351,2,2,Intermediate,3,2,2.2,179,26,Transition Season,2,1,1,1,14.8645915,Low Risk
IN-16-10-2023-010,Newmont,Tarkwa,10/16/2023,Night,Yes,1,Fire,Medium,Mining Area,Human Error,Environmental Condition,35428,Crusher,97.4,Stable,Low,Clear,Welding,Operator,410,37,2023,3,5,10,0,0,4,1,2.058485564,1,3,Intermediate,3,4,2.5,179,2,Transition Season,2,4,1,1,51.74440567,High Risk
IN-22-10-2023-010,AngloGold Ashanti,Obuasi,10/22/2023,Day,No,0,Fall of Ground,Critical Potential,Mining Area,Poor Maintenance,Human Behaviour,23738,Loader,77.3,Stable,Moderate,Clear,Equipment Operation,Mechanic,1030,4,2023,1,4,10,6,1,4,3,0.284564642,1,2,Intermediate,3,2,2.35,179,6,Transition Season,2,3,1,1,56.72884115,High Risk
IN-01-11-2023-010,Newmont,Obuasi,11/1/2023,Night,No,0,Chemical,High Potential,Mining Area,Design / Layout Deficiency,Environmental Condition,34492,Excavator,92.5,Moderate Fracturing,Low,Clear,Equipment Operation,Mechanic,752,26,2023,4,4,11,2,0,4,2,3.386266942,1,3,Intermediate,3,4,2.95,179,10,Transition Season,4,4,1,1,73.15458359,Critical Risk
IN-12-11-2023-010,Newmont,Tarkwa,11/12/2023,Day,Yes,1,Vehicle,High Potential,Mining Area,Design / Layout Deficiency,Equipment Failure,25422,,84.4,Stable,Moderate,Clear,Driving,Driver,948,18,2023,2,2,11,6,1,4,2,3.038396601,1,2,Intermediate,3,2,1.95,179,11,Transition Season,2,1,1,1,23.96025925,Low Risk
IN-23-11-2023-010,Gold Fields,Damang,11/23/2023,Night,No,0,Fire,Medium,Mining Area,Design / Layout Deficiency,Environmental Condition,32801,Truck,97.4,Stable,Low,Clear,Equipment Operation,Operator,851,2,2023,3,4,11,3,0,4,1,23.53377288,1,4,Basic,4,4,2.4,179,11,Transition Season,2,4,1,1,45.53250452,Medium Risk
IN-26-11-2023-010,Gold Fields,Obuasi,11/26/2023,Day,Yes,1,Fire,Low,Mining Area,Unsafe Driving,Human Behaviour,35653,Loader,77.5,Stable,Low,Rain,Equipment Operation,Mechanic,746,32,2023,3,4,11,6,1,4,0,1.717508478,4,4,Intermediate,3,2,2.1,179,3,Transition Season,2,3,1,3,39.35418167,Medium Risk
IN-26-11-2023-010,Newmont,Obuasi,11/26/2023,Day,No,0,Vehicle,Low,Mining Area,Human Error,Training Deficiency,33287,Crusher,97.4,Stable,Moderate,Rain,Lifting,Operator,311,36,2023,2,3,11,6,1,4,0,3.559769287,4,3,Basic,4,2,1.75,179,0,Transition Season,2,3,1,1,23.22993676,Low Risk
IN-01-12-2023-010,AngloGold Ashanti,Ahafo,12/1/2023,Night,Yes,1,Fall of Ground,Critical Potential,Mining Area,Human Error,Training Deficiency,15567,Crusher,81.1,Moderate Fracturing,Moderate,Clear,Driving,Operator,859,0,2023,1,2,12,4,0,4,3,5.277370643,1,3,Intermediate,3,4,2.25,179,5,Dry Season,2,2,1,1,48.70431149,Medium Risk
IN-13-12-2023-010,Gold Fields,Obuasi,12/13/2023,Day,Yes,1,Vehicle,Critical Potential,Mining Area,Inadequate Supervision,Environmental Condition,8598,Loader,84.6,Highly Fractured,Low,Rain,Lifting,Driver,380,28,2023,2,3,12,2,0,4,3,1.985675429,4,5,Intermediate,3,2,2.75,179,12,Dry Season,2,3,1,1,59.17032563,High Risk
IN-04-01-2024-010,AngloGold Ashanti,Tarkwa,1/4/2024,Day,Yes,1,Equipment,Critical Potential,Mining Area,Unsafe Driving,Equipment Failure,32452,Truck,84.3,Highly Fractured,Low,Rain,Maintenance,Supervisor,302,32,2024,1,4,1,3,0,1,3,3.502294073,4,5,Intermediate,3,2,2.65,179,22,Dry Season,2,3,1,1,65.38222679,High Risk
IN-24-01-2024-010,AngloGold Ashanti,Ahafo,1/24/2024,Day,Yes,1,Vehicle,High Potential,Mining Area,Human Error,Environmental Condition,39964,Excavator,90.3,Moderate Fracturing,Low,Rain,Maintenance,Driver,452,8,2024,2,4,1,2,0,1,2,2.511291352,4,5,Intermediate,3,2,2.55,179,20,Dry Season,4,3,1,1,69.04404661,High Risk
IN-26-03-2024-010,AngloGold Ashanti,Tarkwa,3/26/2024,Day,No,0,Electrical,Medium,Mining Area,Environmental Conditions,Environmental Condition,40017,Loader,84.7,Moderate Fracturing,Low,Rain,Equipment Operation,Driver,428,9,2024,1,4,3,1,0,1,1,0.357909566,4,2,Intermediate,3,2,1.95,179,62,Minor Rainy Season,2,3,1,3,51.3343113,High Risk
IN-08-04-2024-010,Gold Fields,Tarkwa,4/8/2024,Day,Yes,1,Chemical,Medium,Mining Area,Lack of Risk Assessment,Environmental Condition,37021,Truck,78.1,Stable,Low,Rain,Driving,Operator,379,30,2024,4,2,4,0,0,2,1,4.610256876,4,2,Basic,4,2,2.45,179,13,Minor Rainy Season,2,1,1,3,30.54585902,Medium Risk
IN-08-04-2024-010,Gold Fields,Obuasi,4/8/2024,Night,No,0,Equipment,High Potential,Mining Area,Unsafe Driving,Equipment Failure,8925,Loader,97.6,Highly Fractured,Low,High Dust,Equipment Operation,Operator,853,42,2024,1,4,4,0,0,2,2,2.648153894,,2,Intermediate,3,4,,179,0,Minor Rainy Season,2,4,1,3,64.54051603,High Risk
IN-24-04-2024-010,Newmont,Obuasi,4/24/2024,Day,Yes,1,Fire,Medium,Mining Area,Human Error,Training Deficiency,40725,,91.1,Highly Fractured,Low,Clear,Welding,Welder,719,18,2024,3,5,4,2,0,2,1,1.849902481,1,5,Intermediate,3,2,2.3,179,16,Minor Rainy Season,2,3,1,1,38.98048306,Medium Risk
IN-27-04-2024-010,AngloGold Ashanti,Damang,4/27/2024,Night,Yes,1,Fall of Ground,High Potential,Mining Area,Human Error,Human Behaviour,11840,Excavator,98,Stable,Low,Rain,Lifting,Operator,902,29,2024,1,3,4,5,1,2,2,12.83897496,4,3,Intermediate,3,4,2.35,179,3,Minor Rainy Season,4,4,1,1,75.59606807,Critical Risk
IN-16-05-2024-010,Newmont,Ahafo,5/16/2024,Night,No,0,Chemical,Critical Potential,Mining Area,Human Error,Environmental Condition,14815,Truck,84,Highly Fractured,Moderate,Clear,Welding,Mechanic,729,44,2024,4,5,5,3,0,2,3,3.662890787,1,4,Intermediate,3,4,3.45,179,19,Minor Rainy Season,2,4,1,1,75.70466492,Critical Risk
IN-26-05-2024-010,Newmont,Obuasi,5/26/2024,Night,Yes,1,Vehicle,Medium,Mining Area,Inadequate Supervision,Procedural Failure,39314,Loader,71.8,Moderate Fracturing,Low,Rain,Driving,Operator,938,26,2024,2,2,5,6,1,2,1,2.243267755,4,4,Intermediate,3,4,2.1,179,10,Minor Rainy Season,2,2,1,3,43.30978164,Medium Risk
IN-01-06-2024-010,AngloGold Ashanti,Obuasi,6/1/2024,Day,Yes,1,Chemical,High Potential,Mining Area,Lack of Risk Assessment,Procedural Failure,35215,,74.5,Highly Fractured,Low,Clear,Equipment Operation,Operator,660,5,2024,4,4,6,5,1,2,2,6.441471692,1,2,Intermediate,3,2,2.75,179,6,Major Rainy Season,2,3,1,1,44.74871153,Medium Risk
IN-06-06-2024-010,AngloGold Ashanti,Damang,6/6/2024,Night,No,0,Chemical,Low,Mining Area,Design / Layout Deficiency,Training Deficiency,32157,Crusher,72,Highly Fractured,High,Clear,Welding,Supervisor,312,19,2024,4,5,6,3,0,2,0,3.025323012,1,5,Advanced,2,4,2.35,179,5,Major Rainy Season,2,4,1,1,39.76427605,Medium Risk
IN-17-06-2024-010,AngloGold Ashanti,Obuasi,6/17/2024,Day,Yes,1,Equipment,Low,Mining Area,Inadequate Supervision,Environmental Condition,10190,Truck,97.1,Stable,Moderate,Fog,Welding,Operator,655,11,2024,1,5,6,0,0,2,0,13.35050839,2,3,Advanced,2,2,1.5,179,11,Major Rainy Season,2,3,1,1,29.88481531,Low Risk
IN-15-07-2024-010,Gold Fields,Damang,7/15/2024,Night,No,0,Chemical,Low,Mining Area,Inadequate Supervision,Environmental Condition,13050,Truck,86.5,Highly Fractured,Low,Clear,Driving,Mechanic,1077,24,2024,4,2,7,0,0,3,0,7.130842288,1,5,Intermediate,3,4,1.95,179,28,Major Rainy Season,2,2,1,1,12.76392262,Low Risk
IN-17-07-2024-010,AngloGold Ashanti,Obuasi,7/17/2024,Day,No,0,Fall of Ground,High Potential,Mining Area,Design / Layout Deficiency,Human Behaviour,25886,Truck,72,Moderate Fracturing,Low,Clear,Equipment Operation,Mechanic,1001,9,2024,1,4,7,2,0,3,2,0.440257739,1,2,Intermediate,3,2,2,179,2,Major Rainy Season,2,3,1,1,44.74871153,Medium Risk
IN-18-07-2024-010,AngloGold Ashanti,Obuasi,7/18/2024,Day,No,0,Vehicle,High Potential,Mining Area,Human Error,Environmental Condition,16055,,95.7,Stable,High,Rain,Equipment Operation,Operator,634,30,2024,2,4,7,3,0,3,2,0.305801635,4,4,Intermediate,3,2,2.55,179,1,Major Rainy Season,2,3,1,3,63.31444092,High Risk
IN-23-07-2024-010,Gold Fields,Obuasi,7/23/2024,Day,No,0,Fire,Medium,Mining Area,Lack of Risk Assessment,Human Behaviour,16573,Loader,95.2,Stable,Low,Clear,Welding,Operator,271,15,2024,3,5,7,1,0,3,1,5.185225277,1,2,Intermediate,3,2,2.3,179,5,Major Rainy Season,2,3,1,1,38.98048306,Medium Risk
IN-07-08-2024-010,Newmont,Ahafo,8/7/2024,Night,No,0,Equipment,Medium,Mining Area,Inadequate Supervision,Training Deficiency,33988,Truck,95,Highly Fractured,High,Clear,Lifting,Operator,208,16,2024,1,3,8,2,0,3,1,1.035668933,1,4,Basic,4,4,1.75,179,15,Major Rainy Season,2,4,1,1,39.32060337,Medium Risk
IN-08-09-2024-010,AngloGold Ashanti,Damang,9/8/2024,Night,No,0,Equipment,Low,Mining Area,Human Error,Training Deficiency,40383,Truck,71.4,Highly Fractured,Low,High Dust,Maintenance,Driver,817,33,2024,1,4,9,6,1,3,0,5.503373139,,3,Intermediate,3,4,,179,32,Transition Season,2,4,1,3,40.58025678,Medium Risk
IN-09-09-2024-010,Newmont,Obuasi,9/9/2024,Night,Yes,1,Vehicle,Critical Potential,Mining Area,Environmental Conditions,Training Deficiency,30741,Excavator,74.8,Stable,Low,Clear,Lifting,Welder,247,30,2024,2,3,9,0,0,3,3,0.282311747,1,4,Basic,4,4,2.7,179,1,Transition Season,4,4,1,1,78.92281206,Critical Risk
IN-22-09-2024-010,AngloGold Ashanti,Tarkwa,9/22/2024,Day,Yes,1,Fire,High Potential,Mining Area,Environmental Conditions,Training Deficiency,32463,,72,Stable,Moderate,High Dust,Maintenance,Mechanic,1092,8,2024,3,4,9,6,1,3,2,1.231686243,,3,Advanced,2,2,,179,13,Transition Season,2,3,1,3,51.77659341,High Risk
IN-05-10-2024-010,Gold Fields,Obuasi,10/5/2024,Night,No,0,Vehicle,Critical Potential,Mining Area,Lack of Risk Assessment,Procedural Failure,26685,Crusher,90.2,Stable,Moderate,Clear,Equipment Operation,Operator,694,21,2024,2,4,10,5,1,4,3,10.88472101,1,3,Basic,4,4,2.85,179,13,Transition Season,2,4,1,1,69.49276377,High Risk
IN-10-10-2024-010,AngloGold Ashanti,Ahafo,10/10/2024,Day,No,0,Fire,Medium,Mining Area,Poor Maintenance,Human Behaviour,30842,,81,Highly Fractured,High,Clear,Maintenance,Operator,877,0,2024,3,4,10,3,0,4,1,5.381961857,1,3,Advanced,2,2,2.1,179,5,Transition Season,2,3,1,1,32.7685819,Medium Risk
IN-14-10-2024-010,Newmont,Obuasi,10/14/2024,Night,Yes,1,Fall of Ground,Medium,Mining Area,Poor Maintenance,Procedural Failure,8206,Crusher,89.6,Stable,Low,Clear,Lifting,Mechanic,1165,17,2024,1,3,10,0,0,4,1,0.733619731,1,4,Basic,4,4,1.75,179,4,Transition Season,2,4,1,1,39.32060337,Medium Risk
IN-16-10-2024-010,Gold Fields,Tarkwa,10/16/2024,Day,Yes,1,Fire,Medium,Mining Area,Environmental Conditions,Human Behaviour,12810,Truck,88.3,Stable,Moderate,Rain,Driving,Welder,258,29,2024,3,2,10,2,0,4,1,14.1301294,4,4,Basic,4,2,2.2,179,2,Transition Season,2,1,1,3,30.54585902,Medium Risk
IN-18-10-2024-010,AngloGold Ashanti,Tarkwa,10/18/2024,Night,Yes,1,Fire,Medium,Mining Area,Environmental Conditions,Environmental Condition,6073,Crusher,74.1,Moderate Fracturing,Low,Clear,Lifting,Supervisor,859,12,2024,3,3,10,4,0,4,1,0.856451986,1,2,Basic,4,4,2.25,179,2,Transition Season,2,4,1,1,39.32060337,Medium Risk
IN-22-10-2024-010,Gold Fields,Obuasi,10/22/2024,Day,No,0,Vehicle,High Potential,Mining Area,Environmental Conditions,Training Deficiency,40123,Crusher,80.1,Moderate Fracturing,Low,Rain,Welding,Welder,772,9,2024,2,5,10,1,0,4,2,0.432595112,4,2,Advanced,2,2,2.65,179,4,Transition Season,2,3,1,1,59.61399831,High Risk
IN-03-11-2024-010,AngloGold Ashanti,Tarkwa,11/3/2024,Night,No,0,Equipment,Medium,Mining Area,Lack of Risk Assessment,Equipment Failure,12443,,94,Moderate Fracturing,Low,Rain,Maintenance,Welder,1053,26,2024,1,4,11,6,1,4,1,25.92693749,4,3,Advanced,2,4,2.1,179,12,Transition Season,2,4,1,1,54.18589015,High Risk
IN-06-11-2024-010,Newmont,Ahafo,11/6/2024,Day,No,0,Fire,Critical Potential,Mining Area,Poor Maintenance,Training Deficiency,24934,Loader,87.7,Moderate Fracturing,Moderate,Clear,Lifting,Driver,229,10,2024,3,3,11,2,0,4,3,5.824236607,1,2,Intermediate,3,2,2.7,179,3,Transition Season,2,3,1,1,50.51694,High Risk
IN-16-11-2024-010,Gold Fields,Damang,11/16/2024,Night,Yes,1,Fire,High Potential,Mining Area,Lack of Risk Assessment,Training Deficiency,38471,,73.2,Stable,Low,Clear,Equipment Operation,Driver,388,24,2024,3,4,11,5,1,4,2,1.385544785,1,3,Intermediate,3,4,2.7,179,10,Transition Season,2,4,1,1,57.51263414,High Risk
IN-26-11-2024-010,Gold Fields,Ahafo,11/26/2024,Night,Yes,1,Equipment,Critical Potential,Mining Area,Environmental Conditions,Equipment Failure,9544,,85.7,Highly Fractured,Low,Clear,Equipment Operation,Operator,839,22,2024,1,4,11,1,0,4,3,3.782797773,1,4,Basic,4,4,2.6,179,10,Transition Season,2,4,1,1,69.49276377,High Risk
IN-23-12-2024-010,Gold Fields,Damang,12/23/2024,Day,Yes,1,Chemical,Medium,Mining Area,Poor Maintenance,Training Deficiency,15222,Excavator,77.3,Highly Fractured,High,Clear,Driving,Supervisor,440,14,2024,4,2,12,0,0,4,1,6.977387432,1,2,Basic,4,2,2.15,179,27,Dry Season,4,1,1,1,27.62207907,Low Risk
IN-19-01-2025-010,Newmont,Obuasi,1/19/2025,Night,Yes,1,Fire,High Potential,Mining Area,Lack of Risk Assessment,Environmental Condition,14431,Loader,79.9,Highly Fractured,Moderate,Clear,Driving,Welder,633,7,2025,3,2,1,6,1,1,2,7.18181518,1,2,Intermediate,3,4,2.4,179,27,Dry Season,2,2,1,1,36.72418187,Medium Risk
IN-25-01-2025-010,Newmont,Tarkwa,1/25/2025,Day,Yes,1,Chemical,Critical Potential,Mining Area,Human Error,Human Behaviour,15832,Loader,80,Stable,Low,High Dust,Welding,Welder,962,35,2025,4,5,1,5,1,1,3,0.096107064,,3,Advanced,2,2,,179,6,Dry Season,2,3,1,3,69.96862419,High Risk
IN-26-01-2025-010,Newmont,Ahafo,1/26/2025,Night,No,0,Electrical,Medium,Mining Area,Poor Maintenance,Environmental Condition,9158,,90.9,Stable,High,Clear,Driving,Supervisor,315,13,2025,1,2,1,6,1,1,1,7.301518505,1,4,Intermediate,3,4,1.55,179,1,Dry Season,2,2,1,1,24.74405224,Low Risk
IN-11-02-2025-010,AngloGold Ashanti,Obuasi,2/11/2025,Day,Yes,1,Chemical,Medium,Mining Area,Environmental Conditions,Environmental Condition,22594,Excavator,66.6,Highly Fractured,Low,Fog,Welding,Supervisor,224,29,2025,4,5,2,1,0,1,1,25.31315328,2,4,Intermediate,3,2,2.65,179,16,Dry Season,4,3,1,1,57.50689438,High Risk
IN-24-02-2025-010,Gold Fields,Damang,2/24/2025,Day,Yes,1,Fall of Ground,Critical Potential,Mining Area,Unsafe Driving,Environmental Condition,17943,Excavator,80.6,Moderate Fracturing,Moderate,Fog,Lifting,Mechanic,1096,31,2025,1,3,2,0,0,1,3,0.73237256,2,3,Basic,4,2,2.35,179,13,Dry Season,4,3,1,1,69.04335133,High Risk
IN-20-03-2025-010,AngloGold Ashanti,Damang,3/20/2025,Night,No,0,Fire,Low,Mining Area,Unsafe Driving,Human Behaviour,35025,Excavator,79,Moderate Fracturing,Moderate,Clear,Welding,Driver,1114,20,2025,3,5,3,3,0,1,0,0.957337565,1,5,Advanced,2,4,2.1,179,24,Minor Rainy Season,4,4,1,1,55.40622549,High Risk
IN-25-03-2025-010,Gold Fields,Obuasi,3/25/2025,Day,No,0,Vehicle,High Potential,Mining Area,Lack of Risk Assessment,Human Behaviour,26009,Crusher,66,Moderate Fracturing,Moderate,Clear,Lifting,Operator,491,17,2025,2,3,3,1,0,1,2,2.275538476,1,3,Basic,4,2,2.15,179,5,Minor Rainy Season,2,3,1,1,38.53681038,Medium Risk
IN-15-04-2025-010,Gold Fields,Damang,4/15/2025,Day,Yes,1,Chemical,High Potential,Mining Area,Lack of Risk Assessment,Equipment Failure,26587,Truck,79,Stable,Moderate,Rain,Maintenance,Supervisor,599,23,2025,4,4,4,1,0,2,2,4.460882466,4,2,Intermediate,3,2,3.05,179,21,Minor Rainy Season,2,3,1,1,53.40209716,High Risk
IN-23-04-2025-010,Newmont,Obuasi,4/23/2025,Night,Yes,1,Vehicle,Critical Potential,Mining Area,Lack of Risk Assessment,Environmental Condition,32990,Loader,86.6,Stable,Moderate,Extreme Heat,Maintenance,Welder,552,22,2025,2,4,4,2,0,2,3,4.29327521,4,3,Intermediate,3,4,3.1,179,8,Minor Rainy Season,2,4,1,3,88.05849316,Critical Risk
IN-01-05-2025-010,Gold Fields,Ahafo,5/1/2025,Day,No,0,Fire,Low,Mining Area,Lack of Risk Assessment,Equipment Failure,29343,Loader,67.1,Stable,Low,Clear,Lifting,Operator,901,23,2025,3,3,5,3,0,2,0,9.490088876,1,3,Basic,4,2,1.7,179,8,Minor Rainy Season,2,3,1,1,14.57655113,Low Risk
IN-11-05-2025-010,Newmont,Tarkwa,5/11/2025,Night,No,0,Electrical,Medium,Mining Area,Design / Layout Deficiency,Equipment Failure,12837,,70.2,Stable,Low,Extreme Heat,Welding,Operator,284,15,2025,1,5,5,6,1,2,1,4.341147143,4,4,Intermediate,3,4,2.3,179,10,Minor Rainy Season,2,4,1,3,70.31013507,Critical Risk
IN-19-05-2025-010,AngloGold Ashanti,Obuasi,5/19/2025,Day,No,0,Fire,Medium,Mining Area,Design / Layout Deficiency,Equipment Failure,8048,,94.1,Moderate Fracturing,Moderate,Clear,Welding,Driver,586,19,2025,3,5,5,0,0,2,1,1.350473792,1,5,Intermediate,3,2,2.3,179,8,Minor Rainy Season,2,3,1,1,38.98048306,Medium Risk
IN-06-06-2025-010,Newmont,Damang,6/6/2025,Day,Yes,1,Fall of Ground,Critical Potential,Mining Area,Poor Maintenance,Procedural Failure,26242,Excavator,66.9,Highly Fractured,Low,Fog,Welding,Driver,268,26,2025,1,5,6,4,0,2,3,0.970239728,2,2,Intermediate,3,2,2.6,179,18,Major Rainy Season,4,3,1,1,81.46715363,Critical Risk
IN-21-06-2025-010,AngloGold Ashanti,Tarkwa,6/21/2025,Day,No,0,Fall of Ground,Critical Potential,Mining Area,Human Error,Environmental Condition,23744,,80,Highly Fractured,Moderate,Fog,Driving,Supervisor,934,13,2025,1,2,6,5,1,2,3,2.551223002,2,2,Intermediate,3,2,2.15,179,15,Major Rainy Season,2,1,1,1,38.82485075,Medium Risk
IN-15-07-2025-010,Newmont,Obuasi,7/15/2025,Day,Yes,1,Fall of Ground,Low,Mining Area,Unsafe Driving,Training Deficiency,37264,Loader,96.5,Highly Fractured,Low,Rain,Maintenance,Welder,941,3,2025,1,4,7,1,0,3,0,1.615454179,4,5,Intermediate,3,2,1.6,179,24,Major Rainy Season,2,3,1,1,29.44183791,Low Risk
IN-10-08-2025-010,Gold Fields,Tarkwa,8/10/2025,Night,No,0,Chemical,High Potential,Mining Area,Poor Maintenance,Procedural Failure,25270,Loader,93.1,Highly Fractured,Low,Rain,Welding,Supervisor,1133,2,2025,4,5,8,6,1,3,2,6.883626444,4,3,Intermediate,3,4,3.4,179,26,Major Rainy Season,2,4,1,1,72.37792093,Critical Risk
IN-18-08-2025-010,Gold Fields,Damang,8/18/2025,Night,No,0,Fire,Critical Potential,Mining Area,Environmental Conditions,Training Deficiency,17417,,86.6,Moderate Fracturing,Moderate,Clear,Equipment Operation,Mechanic,820,16,2025,3,4,8,0,0,3,3,1.578929955,1,4,Intermediate,3,4,3.05,179,8,Major Rainy Season,2,4,1,1,69.49276377,High Risk
IN-21-08-2025-010,AngloGold Ashanti,Damang,8/21/2025,Night,Yes,1,Fall of Ground,Medium,Mining Area,Design / Layout Deficiency,Procedural Failure,23839,Excavator,74.2,Highly Fractured,Low,Clear,Lifting,Supervisor,1065,1,2025,1,3,8,3,0,3,1,0.236619837,1,5,Basic,4,4,1.75,179,3,Major Rainy Season,4,4,1,1,54.96255281,High Risk
IN-24-08-2025-010,AngloGold Ashanti,Damang,8/24/2025,Night,Yes,1,Fall of Ground,Critical Potential,Mining Area,Design / Layout Deficiency,Equipment Failure,37795,,73.9,Stable,Moderate,High Dust,Maintenance,Welder,708,25,2025,1,4,8,6,1,3,3,5.147642108,,2,Intermediate,3,4,,179,3,Major Rainy Season,2,4,1,3,76.52064565,Critical Risk
IN-27-08-2025-010,Gold Fields,Damang,8/27/2025,Day,Yes,1,Chemical,Medium,Mining Area,Environmental Conditions,Procedural Failure,34424,Excavator,66.5,Stable,Low,Clear,Maintenance,Mechanic,433,0,2025,4,4,8,2,0,3,1,15.95438116,1,2,Intermediate,3,2,2.4,179,3,Major Rainy Season,4,3,1,1,48.41053135,Medium Risk
IN-02-09-2025-010,AngloGold Ashanti,Tarkwa,9/2/2025,Day,No,0,Fire,Medium,Mining Area,Human Error,Human Behaviour,40674,Excavator,93.2,Stable,Low,Rain,Lifting,Supervisor,846,39,2025,3,3,9,1,0,3,1,2.136306382,4,3,Basic,4,2,2.35,179,6,Transition Season,4,3,1,1,50.85201583,High Risk
IN-21-09-2025-010,AngloGold Ashanti,Tarkwa,9/21/2025,Night,Yes,1,Fire,Critical Potential,Mining Area,Unsafe Driving,Equipment Failure,22219,Excavator,93.7,Stable,Moderate,Clear,Maintenance,Driver,849,4,2025,3,4,9,6,1,3,3,1.689875946,1,2,Intermediate,3,4,3.05,179,19,Transition Season,4,4,1,1,85.13471322,Critical Risk
IN-22-09-2025-010,AngloGold Ashanti,Obuasi,9/22/2025,Day,Yes,1,Electrical,Medium,Mining Area,Lack of Risk Assessment,Procedural Failure,15961,Loader,71.8,Stable,Moderate,Clear,Welding,Operator,533,14,2025,1,5,9,0,0,3,1,0.62633621,1,2,Intermediate,3,2,1.8,179,1,Transition Season,2,3,1,1,38.98048306,Medium Risk
IN-02-10-2025-010,Gold Fields,Ahafo,10/2/2025,Night,No,0,Chemical,Medium,Mining Area,Lack of Risk Assessment,Procedural Failure,31913,Truck,70.6,Highly Fractured,Low,High Dust,Equipment Operation,Welder,997,23,2025,4,4,10,3,0,4,1,2.698733142,,5,Intermediate,3,4,,179,10,Transition Season,2,4,1,3,52.5603864,High Risk
IN-07-10-2025-010,Gold Fields,Tarkwa,10/7/2025,Day,No,0,Electrical,High Potential,Mining Area,Poor Maintenance,Training Deficiency,36177,Excavator,82.8,Moderate Fracturing,Low,High Dust,Welding,Driver,970,22,2025,1,5,10,1,0,4,2,0.718940026,,3,Advanced,2,2,,179,5,Transition Season,4,3,1,3,73.63044401,Critical Risk
IN-11-10-2025-010,Newmont,Ahafo,10/11/2025,Night,Yes,1,Electrical,Medium,Mining Area,Unsafe Driving,Equipment Failure,38061,Truck,71.5,Stable,High,Clear,Driving,Supervisor,486,40,2025,1,2,10,5,1,4,1,8.813266679,1,2,Intermediate,3,4,1.55,179,4,Transition Season,2,2,1,1,24.74405224,Low Risk
IN-15-10-2025-010,Newmont,Tarkwa,10/15/2025,Day,Yes,1,Electrical,Low,Mining Area,Poor Maintenance,Procedural Failure,21119,Loader,81.2,Stable,Low,Clear,Lifting,Supervisor,724,0,2025,1,3,10,2,0,4,0,0.461509791,1,4,Basic,4,2,1.2,179,4,Transition Season,2,3,1,1,14.57655113,Low Risk
IN-16-10-2025-010,AngloGold Ashanti,Tarkwa,10/16/2025,Day,No,0,Equipment,Medium,Mining Area,Poor Maintenance,Human Behaviour,13444,Crusher,92.3,Stable,Low,Clear,Driving,Driver,322,1,2025,1,2,10,3,0,4,1,4.484097607,1,4,Intermediate,3,2,1.35,179,1,Transition Season,2,1,1,1,11.98012963,Low Risk
IN-17-10-2025-010,AngloGold Ashanti,Damang,10/17/2025,Night,Yes,1,Chemical,Medium,Mining Area,Human Error,Equipment Failure,38149,Truck,76.2,Stable,Low,High Dust,Welding,Welder,424,14,2025,4,5,10,4,0,4,1,18.31314357,,5,Intermediate,3,4,,179,1,Transition Season,2,4,1,3,58.77228756,High Risk
IN-18-10-2025-010,AngloGold Ashanti,Obuasi,10/18/2025,Day,No,0,Electrical,Medium,Mining Area,Unsafe Driving,Procedural Failure,20493,Loader,66.8,Highly Fractured,Moderate,Clear,Equipment Operation,Welder,1132,38,2025,1,4,10,5,1,4,1,0.796391733,1,2,Basic,4,2,1.7,179,1,Transition Season,2,3,1,1,32.7685819,Medium Risk
IN-03-11-2025-010,AngloGold Ashanti,Ahafo,11/3/2025,Day,Yes,1,Equipment,Medium,Mining Area,Inadequate Supervision,Procedural Failure,26248,Truck,74.5,Highly Fractured,Low,Clear,Driving,Driver,1137,2,2025,1,2,11,0,0,4,1,1.129676893,1,5,Basic,4,2,1.4,179,16,Transition Season,2,1,1,1,11.98012963,Low Risk
IN-06-11-2025-010,Newmont,Obuasi,11/6/2025,Day,No,0,Vehicle,Medium,Mining Area,Human Error,Training Deficiency,23021,,70.8,Highly Fractured,Low,Rain,Welding,Operator,478,44,2025,2,5,11,3,0,4,1,8.809354291,4,3,Intermediate,3,2,2.35,179,3,Transition Season,2,3,1,1,47.63386869,Medium Risk
IN-09-11-2025-010,Newmont,Damang,11/9/2025,Night,Yes,1,Fire,Critical Potential,Mining Area,Design / Layout Deficiency,Environmental Condition,20034,Excavator,66.1,Highly Fractured,Low,Fog,Lifting,Driver,280,17,2025,3,3,11,6,1,4,3,4.734484885,2,2,Basic,4,4,3.05,179,3,Transition Season,4,4,1,1,81.80727394,Critical Risk
IN-22-11-2025-010,AngloGold Ashanti,Ahafo,11/22/2025,Day,Yes,1,Vehicle,Low,Mining Area,Design / Layout Deficiency,Environmental Condition,32725,Loader,73.3,Moderate Fracturing,Low,High Dust,Maintenance,Driver,714,30,2025,2,4,11,5,1,4,0,1.253998244,,4,Advanced,2,2,,179,13,Transition Season,2,3,1,3,27.81633416,Low Risk
IN-14-12-2025-010,Gold Fields,Ahafo,12/14/2025,Day,Yes,1,Vehicle,High Potential,Mining Area,Design / Layout Deficiency,Environmental Condition,16830,Excavator,96.2,Stable,Moderate,Rain,Maintenance,Operator,363,0,2025,2,4,12,6,1,4,2,6.129059083,4,2,Intermediate,3,2,2.55,179,22,Dry Season,4,3,1,1,69.04404661,High Risk
IN-17-12-2025-010,AngloGold Ashanti,Ahafo,12/17/2025,Day,Yes,1,Vehicle,Medium,Mining Area,Environmental Conditions,Human Behaviour,30437,Crusher,94.3,Moderate Fracturing,Low,Clear,Driving,Mechanic,1005,3,2025,2,2,12,2,0,4,1,3.267331143,1,3,Intermediate,3,2,1.6,179,3,Dry Season,2,1,1,1,11.98012963,Low Risk
IN-23-12-2025-010,Gold Fields,Obuasi,12/23/2025,Day,Yes,1,Equipment,Low,Mining Area,Lack of Risk Assessment,Environmental Condition,41258,Crusher,74.8,Stable,Low,Clear,Maintenance,Operator,747,29,2025,1,4,12,1,0,4,0,6.20985557,1,3,Intermediate,3,2,1.3,179,6,Dry Season,2,3,1,1,20.78845228,Low Risk
IN-26-06-2020-010,Noble Gold Bibiani Ltd,Bibiani Mine,6/26/2020,Night,Yes,1,Vehicle Incident,Low,Office,Poor Maintenance / Equipment Failure,Human Error,5098.015164,Vehicle,90.14715668,Moderate,Low,Clear,Unknown,Security,351,39.10581934,2020,2,3,6,4,0,2,0,1.159876357,1,2,Basic,4,4,1.65,3,999,Major Rainy Season,3,2,0,1,26.79679849,Low Risk
IN-28-06-2020-010,Noble Gold Bibiani Ltd,Bibiani Mine,6/28/2020,Day,Yes,1,Equipment Damage,Critical Potential,Office,Electrical Fault,Human Error,5614.395046,Fire / Explosion Source,79.36069841,Moderate,Low,Clear,Unknown,Unknown,385,32.44221437,2020,1,3,6,6,1,2,3,0.470691479,1,5,Intermediate,3,2,2.2,3,2,Major Rainy Season,2,1,1,1,42.15229003,Medium Risk
IN-04-08-2020-010,Noble Gold Bibiani Ltd,Bibiani Mine,8/4/2020,Day,Yes,1,Vehicle Incident,High Potential,Office,Human Error / Fatigue,Inadequate Training,5493.662931,Vehicle,77.20260734,Moderate,Low,Clear,Driving,Unknown,462,9.531315314,2020,2,2,8,1,0,3,2,3.51433017,1,3,Basic,4,2,2,3,37,Major Rainy Season,3,1,1,1,31.78123397,Medium Risk
IN-05-06-2020-010,Noble Gold Bibiani Ltd,Bibiani Mine,6/5/2020,Night,Yes,1,Personal Injury,High Potential,Other,Human Error / Fatigue,System Failure,5739.099911,,76.41149266,Moderate,Low,Clear,Unknown,Unknown,497,50,2020,1,3,6,4,0,2,2,4.6156201,1,4,Basic,4,4,2.1,29,999,Major Rainy Season,2,2,1,1,42.93608302,Medium Risk
IN-07-06-2020-010,Noble Gold Bibiani Ltd,Bibiani Mine,6/7/2020,Day,Yes,1,Vehicle Incident,Critical Potential,Other,Electrical Fault,System Failure,5633.372718,Heavy Equipment,78.0483654,Moderate,Low,Clear,Unknown,Unknown,433,15.96084953,2020,2,3,6,6,1,2,3,10.92421852,1,2,Basic,4,2,2.5,29,2,Major Rainy Season,4,1,1,1,57.79423947,High Risk
IN-10-06-2020-010,Noble Gold Bibiani Ltd,Bibiani Mine,6/10/2020,Day,Yes,1,Equipment Damage,Low,Other,Human Error / Fatigue,Communication Breakdown,5852.492629,,92.03122925,Moderate,Low,Clear,Equipment Operation,Equipment Operator,367,10.84906838,2020,1,4,6,2,0,2,0,1.25228831,1,3,Intermediate,3,2,1.3,29,3,Major Rainy Season,2,3,0,1,20.78845228,Low Risk
IN-12-06-2020-010,Noble Gold Bibiani Ltd,Bibiani Mine,6/12/2020,Day,Yes,1,Fire,Critical Potential,Other,Poor Maintenance / Equipment Failure,Human Error,4811.035127,Heavy Equipment,95.12936093,Moderate,Low,Clear,Unknown,Unknown,353,48.09760297,2020,3,3,6,4,0,2,3,14.20074401,1,3,Intermediate,3,2,2.7,29,2,Major Rainy Season,4,1,1,1,57.79423947,High Risk
IN-12-06-2020-010,Noble Gold Bibiani Ltd,Bibiani Mine,6/12/2020,Day,Yes,1,Fire,Critical Potential,Other,Human Error / Fatigue,System Failure,4747.518106,Fire / Explosion Source,80.75688179,Moderate,Low,Extreme Heat,Grinding / Cutting,Unknown,438,9.575249362,2020,3,4,6,4,0,2,3,9.947874752,4,3,Basic,4,2,,29,0,Major Rainy Season,2,1,1,3,66.92992057,High Risk
IN-13-06-2020-010,Noble Gold Bibiani Ltd,Bibiani Mine,6/13/2020,Night,Yes,1,Environmental,Critical Potential,Other,Poor Ground / Weather Conditions,Human Error,2882.343946,Pump / Mechanical Equipment,87.56328501,Moderate,Low,Rain,Unknown,Unknown,360,8.845675375,2020,4,3,6,5,1,2,3,1.73327276,4,3,Intermediate,3,4,3.45,29,1,Major Rainy Season,2,2,1,1,63.56959828,High Risk
IN-20-06-2020-010,Noble Gold Bibiani Ltd,Bibiani Mine,6/20/2020,Unknown,Yes,1,Environmental,High Potential,Other,Human Error / Fatigue,System Failure,3846.096257,Pump / Mechanical Equipment,88.18807683,Moderate,Low,Clear,Unknown,Unknown,438,28.08409258,2020,4,3,6,5,1,2,2,0.361081467,1,2,Basic,4,3,2.75,29,7,Major Rainy Season,2,1,1,1,34.46295922,Medium Risk
IN-20-06-2020-010,Noble Gold Bibiani Ltd,Bibiani Mine,6/20/2020,Unknown,Yes,1,Environmental,Critical Potential,Other,Chemical / Fire Hazard,System Failure,4774.932206,,73.98075157,Moderate,Low,Clear,Unknown,Security,377,50,2020,4,3,6,5,1,2,3,4.026562295,1,3,Basic,4,3,3.1,29,0,Major Rainy Season,2,1,1,1,46.44308884,Medium Risk
IN-21-06-2020-010,Noble Gold Bibiani Ltd,Bibiani Mine,6/21/2020,Day,Yes,1,Personal Injury,Medium,Other,Design / Layout Deficiency,Human Error,7640.021006,Pump / Mechanical Equipment,91.85099612,Moderate,Low,Clear,Unknown,Unknown,404,25.07720793,2020,1,3,6,6,1,2,1,0.001438998,1,4,Basic,4,2,1.55,29,1,Major Rainy Season,2,1,1,1,18.19203078,Low Risk
IN-23-06-2020-010,Noble Gold Bibiani Ltd,Bibiani Mine,6/23/2020,Night,Yes,1,Fire,Critical Potential,Other,Human Error / Fatigue,Human Error,6358.734329,Pump / Mechanical Equipment,86.79735842,Moderate,Low,Clear,Unknown,Unknown,304,2.144167776,2020,3,3,6,1,0,2,3,1.505496282,1,4,Intermediate,3,4,2.9,29,2,Major Rainy Season,2,2,1,1,54.91621264,High Risk
IN-27-06-2020-010,Noble Gold Bibiani Ltd,Bibiani Mine,6/27/2020,Day,Yes,1,Equipment Damage,Critical Potential,Other,Human Error / Fatigue,System Failure,4194.435903,Heavy Equipment,93.40250577,Moderate,Low,Clear,Equipment Operation,Equipment Operator,326,49.92360341,2020,1,4,6,5,1,2,3,0.442598016,1,5,Intermediate,3,2,2.35,29,4,Major Rainy Season,4,3,1,1,72.3707906,Critical Risk
IN-30-06-2020-010,Noble Gold Bibiani Ltd,Bibiani Mine,6/30/2020,Night,Yes,1,Serious Injury,Critical Potential,Other,"Human Error / Fatigue, Lack of Risk Assessment (No JHA/JSA)",System Failure,4529.355688,,69.62395983,Moderate,Low,Clear,Unknown,Supervisor,429,3.281180208,2020,1,3,6,1,0,2,3,3.611990792,1,2,Basic,4,4,2.45,29,3,Major Rainy Season,2,2,1,1,54.91621264,High Risk
IN-30-06-2020-010,Noble Gold Bibiani Ltd,Bibiani Mine,6/30/2020,Night,Yes,1,Personal Injury,High Potential,Other,Lack of Risk Assessment (No JHA/JSA),Human Error,3858.239444,,65.37025479,Moderate,Low,Clear,Unknown,Unknown,324,43.65556113,2020,1,3,6,1,0,2,2,5.058476079,1,5,Intermediate,3,4,2.05,29,0,Major Rainy Season,2,2,1,1,42.93608302,Medium Risk
IN-01-07-2020-010,Noble Gold Bibiani Ltd,Bibiani Mine,7/1/2020,Unknown,Yes,1,Personal Injury,Low,Other,Human Error / Fatigue,System Failure,6000.975982,,76.85170935,Moderate,Low,Wet / Slippery Conditions,Unknown,Unknown,318,4.947563319,2020,1,3,7,2,0,3,0,1.18931271,,5,Intermediate,3,3,,29,1,Major Rainy Season,2,1,1,1,7.618238089,Low Risk
IN-04-07-2020-010,Noble Gold Bibiani Ltd,Bibiani Mine,7/4/2020,Day,Yes,1,Personal Injury,High Potential,Other,Poor Ground / Weather Conditions,Inadequate Training,4737.557551,,97.29963468,Moderate,Low,Rain,Unknown,Unknown,454,43.0728639,2020,1,3,7,5,1,3,2,10.00667328,4,5,Basic,4,2,2.2,29,3,Major Rainy Season,2,1,1,1,38.82554603,Medium Risk
IN-06-07-2020-010,Noble Gold Bibiani Ltd,Bibiani Mine,7/6/2020,Day,Yes,1,Personal Injury,Critical Potential,Other,Lack of Risk Assessment (No JHA/JSA),System Failure,4943.549158,Fire / Explosion Source,90.28498582,Moderate,Low,Clear,Cleaning / Housekeeping,Unknown,386,8.13925182,2020,1,2,7,0,0,3,3,2.142772781,1,3,Basic,4,2,,29,2,Major Rainy Season,2,1,1,1,35.94038888,Medium Risk
IN-09-07-2020-010,Noble Gold Bibiani Ltd,Bibiani Mine,7/9/2020,Day,Yes,1,Vehicle Incident,Critical Potential,Other,Human Error / Fatigue,Human Error,4663.49998,Heavy Equipment,82.96996519,Moderate,Low,Clear,Unknown,Unknown,307,38.05738645,2020,2,3,7,3,0,3,3,1.598415094,1,5,Basic,4,2,2.5,29,3,Major Rainy Season,4,1,1,1,57.79423947,High Risk
IN-15-07-2020-010,Noble Gold Bibiani Ltd,Bibiani Mine,7/15/2020,Day,Yes,1,Environmental,Critical Potential,Other,Lack of Risk Assessment (No JHA/JSA),System Failure,6450.611734,Crane / Lifting Equipment,77.51320243,Moderate,Low,Clear,Lifting,Security,325,14.84055621,2020,4,3,7,2,0,3,3,4.783666013,1,2,Basic,4,2,3,29,6,Major Rainy Season,2,3,1,1,50.51694,High Risk
IN-16-07-2020-010,Noble Gold Bibiani Ltd,Bibiani Mine,7/16/2020,Day,Yes,1,Personal Injury,High Potential,Other,Human Error / Fatigue,Supervisory Failure,3950.374198,Crane / Lifting Equipment,95.58953429,Moderate,Low,Wet / Slippery Conditions,Unknown,Security,398,10.23011912,2020,1,3,7,3,0,3,2,1.493808944,,2,Basic,4,2,,29,1,Major Rainy Season,2,1,1,1,27.28769852,Low Risk
IN-28-07-2020-010,Noble Gold Bibiani Ltd,Bibiani Mine,7/28/2020,Day,Yes,1,Personal Injury,Critical Potential,Other,Human Error / Fatigue,System Failure,5128.042154,Grinding Machine,87.29501378,Moderate,Low,Clear,Grinding / Cutting,Unknown,392,16.12470756,2020,1,4,7,1,0,3,3,2.713478814,1,2,Basic,4,2,,29,12,Major Rainy Season,3,1,1,1,56.1851659,High Risk
IN-31-07-2020-010,Noble Gold Bibiani Ltd,Bibiani Mine,7/31/2020,Day,Yes,1,Personal Injury,High Potential,Other,Human Error / Fatigue,Human Error,4176.95996,,80.77052822,Moderate,Low,Clear,Unknown,Unknown,409,5.237428849,2020,1,3,7,4,0,3,2,1.867909552,1,5,Basic,4,2,1.9,29,3,Major Rainy Season,2,1,1,1,30.1721604,Medium Risk
IN-03-08-2020-010,Noble Gold Bibiani Ltd,Bibiani Mine,8/3/2020,Day,Yes,1,Near Miss,Critical Potential,Other,Poor Ground / Weather Conditions,Design Flaw,5426.149497,,80.67390189,Moderate,Low,Wet / Slippery Conditions,Driving,Unknown,334,6.287058602,2020,1,2,8,0,0,3,3,4.62971349,,3,Intermediate,3,2,,29,3,Major Rainy Season,2,1,1,1,33.055927,Medium Risk
IN-04-08-2020-010,Noble Gold Bibiani Ltd,Bibiani Mine,8/4/2020,Night,Yes,1,Personal Injury,Low,Other,Human Error / Fatigue,System Failure,4553.542196,,85.91353906,Moderate,Low,Clear,Unknown,Unknown,435,6.642072959,2020,1,3,8,1,0,3,0,0.15938357,1,2,Intermediate,3,4,1.35,29,1,Major Rainy Season,2,2,1,1,18.97582377,Low Risk
IN-06-08-2020-010,Noble Gold Bibiani Ltd,Bibiani Mine,8/6/2020,Day,Yes,1,Personal Injury,High Potential,Other,Human Error / Fatigue,Human Error,4198.543109,,94.36602838,Moderate,Low,Clear,Unknown,Unknown,335,9.859228856,2020,1,3,8,3,0,3,2,9.563269198,1,3,Basic,4,2,1.9,29,2,Major Rainy Season,2,1,1,1,30.1721604,Medium Risk
IN-06-08-2020-010,Noble Gold Bibiani Ltd,Bibiani Mine,8/6/2020,Day,Yes,1,Personal Injury,High Potential,Other,Lack of Risk Assessment (No JHA/JSA),Human Error,5185.631349,,84.48523609,Moderate,Low,Clear,Unknown,Unknown,305,10.97445086,2020,1,3,8,3,0,3,2,0.807710583,1,5,Basic,4,2,1.9,29,0,Major Rainy Season,2,1,1,1,30.1721604,Medium Risk
IN-14-08-2020-010,Noble Gold Bibiani Ltd,Bibiani Mine,8/14/2020,Day,Yes,1,Near Miss,Critical Potential,Other,Human Error / Fatigue,Maintenance Issue,5421.704451,,90.18982937,Moderate,Low,Clear,Equipment Operation,Unknown,335,24.34040441,2020,1,4,8,4,0,3,3,2.275259635,1,2,Intermediate,3,2,2.35,29,8,Major Rainy Season,2,3,1,1,56.72884115,High Risk
IN-21-08-2020-010,Noble Gold Bibiani Ltd,Bibiani Mine,8/21/2020,Night,Yes,1,Personal Injury,Critical Potential,Other,Human Error / Fatigue,Human Error,3679.541708,Vehicle,100,Moderate,Low,Clear,Equipment Operation,Equipment Operator,415,13.97077807,2020,1,4,8,4,0,3,3,7.292268559,1,2,Intermediate,3,4,2.55,29,7,Major Rainy Season,3,4,1,1,77.31373849,Critical Risk
IN-28-08-2020-010,Noble Gold Bibiani Ltd,Bibiani Mine,8/28/2020,Unknown,Yes,1,Near Miss,Critical Potential,Other,Human Error / Fatigue,Supervisory Failure,3494.942416,,88.45089876,Moderate,Low,Clear,Unknown,Unknown,436,9.188566981,2020,1,3,8,4,0,3,3,1.164112826,1,2,Intermediate,3,3,2.3,29,7,Major Rainy Season,2,1,1,1,46.44308884,Medium Risk
IN-29-08-2020-010,Noble Gold Bibiani Ltd,Bibiani Mine,8/29/2020,Unknown,Yes,1,Personal Injury,High Potential,Other,Human Error / Fatigue,Human Error,5341.902219,,78.37093498,Moderate,Low,Clear,Grinding / Cutting,Unknown,446,36.28265979,2020,1,4,8,5,1,3,2,0.490180718,1,3,Basic,4,3,,29,1,Major Rainy Season,2,1,1,1,40.67486037,Medium Risk
IN-19-06-2020-010,Noble Gold Bibiani Ltd,Bibiani Mine,6/19/2020,Day,Yes,1,Equipment Damage,Critical Potential,Process Plant,"Poor Ground / Weather Conditions, Unidentified Hidden Hazard",System Failure,3811.515909,Heavy Equipment,89.0823735,Moderate,Low,Rain,Unknown,Unknown,366,1.2072851,2020,1,3,6,4,0,2,3,1.390399734,4,4,Basic,4,2,2.55,171,999,Major Rainy Season,4,1,1,1,66.44762511,High Risk
IN-19-06-2020-010,Noble Gold Bibiani Ltd,Bibiani Mine,6/19/2020,Unknown,Yes,1,Equipment Damage,Low,Process Plant,Poor Ground / Weather Conditions,System Failure,3756.519646,,81.39297496,Moderate,Low,Wet / Slippery Conditions,Unknown,Unknown,431,9.010734164,2020,1,3,6,4,0,2,0,1.293736989,,3,Basic,4,3,,171,0,Major Rainy Season,2,1,1,1,7.618238089,Low Risk
IN-28-07-2020-010,Noble Gold Bibiani Ltd,Bibiani Mine,7/28/2020,Night,Yes,1,Environmental,Low,Process Plant,Poor Ground / Weather Conditions,Human Error,5172.231298,Vehicle,94.56604044,Moderate,Low,Rain,Unknown,Unknown,476,23.01097849,2020,4,3,7,1,0,3,0,0.381558273,4,4,Basic,4,4,2.45,171,39,Major Rainy Season,3,2,1,1,35.45018412,Medium Risk
IN-09-04-2021-010,AngloGold Ashanti,Tarkwa,4/9/2021,Night,No,0,Fall of Ground,High Potential,Process Plant,Human Error,Human Behaviour,37409,Truck,68.8,Stable,Moderate,High Dust,Maintenance,Mechanic,617,39,2021,1,4,4,4,0,2,2,0.049448671,,3,Intermediate,3,4,,171,255,Minor Rainy Season,2,4,1,3,64.54051603,High Risk
IN-22-04-2021-010,Gold Fields,Tarkwa,4/22/2021,Day,No,0,Fire,Critical Potential,Process Plant,Human Error,Procedural Failure,42148,Excavator,85.9,Moderate Fracturing,Moderate,Clear,Lifting,Driver,888,42,2021,3,3,4,3,0,2,3,8.021197395,1,3,Basic,4,2,2.75,171,13,Minor Rainy Season,4,3,1,1,66.15888945,High Risk
IN-01-05-2021-010,AngloGold Ashanti,Obuasi,5/1/2021,Night,No,0,Equipment,High Potential,Process Plant,Human Error,Equipment Failure,23088,,92.6,Stable,High,Clear,Equipment Operation,Welder,206,39,2021,1,4,5,5,1,2,2,3.231880025,1,5,Basic,4,4,2.25,171,9,Minor Rainy Season,2,4,1,1,57.51263414,High Risk
IN-04-05-2021-010,Newmont,Ahafo,5/4/2021,Night,Yes,1,Electrical,Low,Process Plant,Unsafe Driving,Human Behaviour,29557,Truck,68.6,Stable,Moderate,Clear,Maintenance,Supervisor,260,44,2021,1,4,5,1,0,2,0,0.161370348,1,3,Intermediate,3,4,1.5,171,3,Minor Rainy Season,2,4,1,1,33.55237489,Medium Risk
IN-19-05-2021-010,Gold Fields,Ahafo,5/19/2021,Day,No,0,Vehicle,High Potential,Process Plant,Human Error,Environmental Condition,40488,Loader,90.6,Moderate Fracturing,Low,Clear,Driving,Driver,1172,37,2021,2,2,5,2,0,2,2,0.94068861,1,3,Intermediate,3,2,1.95,171,15,Minor Rainy Season,2,1,1,1,23.96025925,Low Risk
IN-24-05-2021-010,Gold Fields,Ahafo,5/24/2021,Day,Yes,1,Electrical,Medium,Process Plant,Design / Layout Deficiency,Environmental Condition,20934,,92.4,Moderate Fracturing,Low,Clear,Maintenance,Driver,952,5,2021,1,4,5,0,0,2,1,10.22409213,1,2,Advanced,2,2,1.6,171,5,Minor Rainy Season,2,3,1,1,32.7685819,Medium Risk
IN-02-06-2021-010,Newmont,Ahafo,6/2/2021,Day,Yes,1,Electrical,Critical Potential,Process Plant,Unsafe Driving,Environmental Condition,34052,Truck,86.9,Highly Fractured,Low,Clear,Driving,Welder,265,22,2021,1,2,6,2,0,2,3,12.01790718,1,5,Basic,4,2,2.1,171,9,Major Rainy Season,2,1,1,1,35.94038888,Medium Risk
IN-05-06-2021-010,AngloGold Ashanti,Tarkwa,6/5/2021,Day,Yes,1,Fire,Critical Potential,Process Plant,Inadequate Supervision,Procedural Failure,14847,Crusher,79.7,Highly Fractured,Moderate,Clear,Welding,Welder,1081,19,2021,3,5,6,5,1,2,3,12.20168663,1,2,Advanced,2,2,2.95,171,3,Major Rainy Season,2,3,1,1,62.94074231,High Risk
IN-06-06-2021-010,Newmont,Ahafo,6/6/2021,Day,No,0,Vehicle,Low,Process Plant,Environmental Conditions,Human Behaviour,32208,,83.7,Stable,Low,Rain,Lifting,Mechanic,653,25,2021,2,3,6,6,1,2,0,0.478503873,4,3,Basic,4,2,1.75,171,1,Major Rainy Season,2,3,1,1,23.22993676,Low Risk
IN-07-06-2021-010,Newmont,Tarkwa,6/7/2021,Night,No,0,Fall of Ground,Critical Potential,Process Plant,Human Error,Training Deficiency,13636,Loader,95.3,Moderate Fracturing,Moderate,Rain,Welding,Operator,758,25,2021,1,5,6,0,0,2,3,11.51918011,4,3,Advanced,2,4,2.95,171,1,Major Rainy Season,2,4,1,1,84.35805055,Critical Risk
IN-08-06-2021-010,Gold Fields,Tarkwa,6/8/2021,Night,Yes,1,Fall of Ground,Medium,Process Plant,Unsafe Driving,Equipment Failure,27612,Loader,96.4,Moderate Fracturing,Low,Clear,Maintenance,Driver,211,37,2021,1,4,6,1,0,2,1,3.542228459,1,5,Advanced,2,4,1.8,171,1,Major Rainy Season,2,4,1,1,45.53250452,Medium Risk
IN-11-06-2021-010,Gold Fields,Ahafo,6/11/2021,Night,Yes,1,Fall of Ground,Medium,Process Plant,Design / Layout Deficiency,Training Deficiency,41487,Truck,66,Stable,Moderate,Rain,Equipment Operation,Supervisor,503,0,2021,1,4,6,4,0,2,1,3.964436097,4,3,Basic,4,4,2.2,171,3,Major Rainy Season,2,4,1,3,64.09823391,High Risk
IN-01-07-2021-010,Newmont,Damang,7/1/2021,Day,Yes,1,Electrical,Medium,Process Plant,Human Error,Human Behaviour,40585,Excavator,72.9,Stable,Low,Clear,Maintenance,Welder,665,33,2021,1,4,7,3,0,3,1,0.632946195,1,4,Intermediate,3,2,1.65,171,20,Major Rainy Season,4,3,1,1,48.41053135,Medium Risk
IN-02-07-2021-010,AngloGold Ashanti,Obuasi,7/2/2021,Day,No,0,Fall of Ground,High Potential,Process Plant,Human Error,Environmental Condition,28563,Crusher,75.3,Moderate Fracturing,Moderate,Clear,Welding,Mechanic,453,5,2021,1,5,7,4,0,3,2,4.524542271,1,2,Intermediate,3,2,2.15,171,1,Major Rainy Season,2,3,1,1,50.96061268,High Risk
IN-21-07-2021-010,Gold Fields,Tarkwa,7/21/2021,Night,Yes,1,Fall of Ground,Critical Potential,Process Plant,Unsafe Driving,Procedural Failure,34371,Excavator,84.9,Moderate Fracturing,Low,Clear,Lifting,Supervisor,552,24,2021,1,3,7,2,0,3,3,1.818105189,1,2,Intermediate,3,4,2.4,171,19,Major Rainy Season,4,4,1,1,78.92281206,Critical Risk
IN-05-08-2021-010,AngloGold Ashanti,Tarkwa,8/5/2021,Day,Yes,1,Vehicle,Medium,Process Plant,Lack of Risk Assessment,Human Behaviour,33082,Excavator,65.4,Stable,Low,Clear,Lifting,Mechanic,635,18,2021,2,3,8,3,0,3,1,2.894402286,1,4,Intermediate,3,2,1.75,171,15,Major Rainy Season,4,3,1,1,42.1986302,Medium Risk
IN-10-08-2021-010,Newmont,Damang,8/10/2021,Day,Yes,1,Chemical,Medium,Process Plant,Human Error,Human Behaviour,35508,Crusher,66.1,Moderate Fracturing,High,Clear,Lifting,Operator,1128,34,2021,4,3,8,1,0,3,1,5.690294076,1,3,Intermediate,3,2,2.25,171,5,Major Rainy Season,2,3,1,1,26.55668075,Low Risk
IN-04-09-2021-010,Gold Fields,Obuasi,9/4/2021,Night,Yes,1,Chemical,Medium,Process Plant,Lack of Risk Assessment,Environmental Condition,20149,Truck,78.8,Highly Fractured,Low,Rain,Maintenance,Welder,1123,7,2021,4,4,9,5,1,3,1,1.915961455,4,2,Intermediate,3,4,2.9,171,25,Transition Season,2,4,1,1,54.18589015,High Risk
IN-02-10-2021-010,Newmont,Damang,10/2/2021,Day,Yes,1,Vehicle,Low,Process Plant,Environmental Conditions,Training Deficiency,31512,,80.6,Moderate Fracturing,High,Clear,Maintenance,Driver,640,2,2021,2,4,10,5,1,4,0,5.96940997,1,4,Intermediate,3,2,1.55,171,28,Transition Season,2,3,1,1,20.78845228,Low Risk
IN-02-10-2021-010,Gold Fields,Ahafo,10/2/2021,Day,Yes,1,Equipment,Medium,Process Plant,Poor Maintenance,Human Behaviour,21766,Crusher,72.8,Highly Fractured,Low,Clear,Lifting,Supervisor,682,22,2021,1,3,10,5,1,4,1,0.845017774,1,4,Basic,4,2,1.55,171,0,Transition Season,2,3,1,1,26.55668075,Low Risk
IN-09-10-2021-010,Newmont,Obuasi,10/9/2021,Night,Yes,1,Vehicle,Low,Process Plant,Unsafe Driving,Human Behaviour,40634,Excavator,81.7,Stable,Low,Rain,Equipment Operation,Mechanic,532,42,2021,2,4,10,5,1,4,0,4.702347489,4,3,Basic,4,4,2.1,171,7,Transition Season,4,4,1,3,67.76005374,High Risk
IN-11-10-2021-010,AngloGold Ashanti,Ahafo,10/11/2021,Day,Yes,1,Vehicle,Medium,Process Plant,Unsafe Driving,Environmental Condition,37762,Crusher,93.9,Moderate Fracturing,Moderate,Rain,Driving,Supervisor,261,32,2021,2,2,10,0,0,4,1,1.128068935,4,3,Basic,4,2,1.95,171,2,Transition Season,2,1,1,3,30.54585902,Medium Risk
IN-13-10-2021-010,Gold Fields,Tarkwa,10/13/2021,Day,No,0,Fall of Ground,Medium,Process Plant,Unsafe Driving,Procedural Failure,22154,Crusher,86,Stable,High,Clear,Maintenance,Driver,1136,9,2021,1,4,10,2,0,4,1,2.730639764,1,3,Advanced,2,2,1.6,171,2,Transition Season,2,3,1,1,32.7685819,Medium Risk
IN-15-10-2021-010,Gold Fields,Obuasi,10/15/2021,Day,Yes,1,Electrical,Low,Process Plant,Human Error,Procedural Failure,12461,Crusher,77.8,Highly Fractured,Low,Rain,Driving,Supervisor,1197,42,2021,1,2,10,4,0,4,0,7.683402794,4,5,Intermediate,3,2,1.3,171,2,Transition Season,2,1,1,3,18.5657294,Low Risk
IN-22-10-2021-010,Newmont,Obuasi,10/22/2021,Night,No,0,Fire,Critical Potential,Process Plant,Human Error,Environmental Condition,6960,Loader,96.2,Stable,High,Clear,Lifting,Welder,1019,44,2021,3,3,10,4,0,4,3,8.138490163,1,4,Basic,4,4,2.95,171,7,Transition Season,2,4,1,1,63.28086262,High Risk
IN-24-10-2021-010,Gold Fields,Obuasi,10/24/2021,Day,No,0,Equipment,Medium,Process Plant,Unsafe Driving,Equipment Failure,41593,Truck,93.6,Moderate Fracturing,Low,Clear,Lifting,Supervisor,362,35,2021,1,3,10,6,1,4,1,3.214832962,1,3,Basic,4,2,1.55,171,2,Transition Season,2,3,1,1,26.55668075,Low Risk
IN-10-11-2021-010,Gold Fields,Obuasi,11/10/2021,Day,Yes,1,Electrical,Medium,Process Plant,Lack of Risk Assessment,Environmental Condition,42261,Loader,66,Highly Fractured,Low,Clear,Lifting,Supervisor,370,9,2021,1,3,11,2,0,4,1,4.403097405,1,4,Basic,4,2,1.55,171,17,Transition Season,2,3,1,1,26.55668075,Low Risk
IN-22-11-2021-010,Gold Fields,Tarkwa,11/22/2021,Day,Yes,1,Electrical,Low,Process Plant,Environmental Conditions,Procedural Failure,27173,,66.1,Highly Fractured,Low,Rain,Driving,Operator,209,13,2021,1,2,11,0,0,4,0,0.123127814,4,3,Intermediate,3,2,1.3,171,12,Transition Season,2,1,1,3,18.5657294,Low Risk
IN-04-12-2021-010,Newmont,Damang,12/4/2021,Day,No,0,Vehicle,Medium,Process Plant,Unsafe Driving,Equipment Failure,41435,Loader,90.5,Moderate Fracturing,Moderate,Fog,Lifting,Supervisor,1187,12,2021,2,3,12,5,1,4,1,6.976295706,2,2,Intermediate,3,2,1.85,171,12,Dry Season,2,3,1,1,29.44114263,Low Risk
IN-05-12-2021-010,Gold Fields,Obuasi,12/5/2021,Day,Yes,1,Electrical,Low,Process Plant,Lack of Risk Assessment,Human Behaviour,8832,Crusher,82.2,Stable,Moderate,Clear,Welding,Supervisor,411,22,2021,1,5,12,6,1,4,0,2.543997781,1,3,Advanced,2,2,1.4,171,1,Dry Season,2,3,1,1,27.00035343,Low Risk
IN-08-12-2021-010,Newmont,Obuasi,12/8/2021,Day,Yes,1,Equipment,High Potential,Process Plant,Environmental Conditions,Procedural Failure,33399,Excavator,91.2,Highly Fractured,Low,Rain,Driving,Welder,1066,2,2021,1,2,12,2,0,4,2,1.476706753,4,2,Basic,4,2,2.05,171,3,Dry Season,4,1,1,3,58.16793809,High Risk
IN-04-01-2022-010,AngloGold Ashanti,Tarkwa,1/4/2022,Night,No,0,Fall of Ground,Medium,Process Plant,Design / Layout Deficiency,Training Deficiency,37934,,93.4,Stable,Low,Clear,Driving,Supervisor,781,0,2022,1,2,1,1,0,1,1,2.921148555,1,3,Intermediate,3,4,1.55,171,27,Dry Season,2,2,1,1,24.74405224,Low Risk
IN-12-01-2022-010,Gold Fields,Obuasi,1/12/2022,Night,Yes,1,Electrical,Low,Process Plant,Human Error,Equipment Failure,14689,Crusher,90.9,Moderate Fracturing,Low,Rain,Equipment Operation,Operator,1000,2,2022,1,4,1,2,0,1,0,3.150180931,4,4,Basic,4,4,1.85,171,8,Dry Season,2,4,1,3,52.11810429,High Risk
IN-17-01-2022-010,AngloGold Ashanti,Tarkwa,1/17/2022,Night,Yes,1,Vehicle,Critical Potential,Process Plant,Poor Maintenance,Training Deficiency,17855,Excavator,80,Stable,Moderate,Rain,Maintenance,Welder,825,5,2022,2,4,1,0,0,1,3,7.164920958,4,3,Intermediate,3,4,3.1,171,5,Dry Season,4,4,1,1,93.78809885,Critical Risk
IN-02-02-2022-010,Gold Fields,Damang,2/2/2022,Night,No,0,Vehicle,High Potential,Process Plant,Inadequate Supervision,Training Deficiency,39660,,76.6,Moderate Fracturing,Moderate,Clear,Equipment Operation,Welder,740,8,2022,2,4,2,2,0,1,2,8.663568625,1,4,Basic,4,4,2.5,171,16,Dry Season,2,4,1,1,57.51263414,High Risk
IN-07-02-2022-010,Gold Fields,Obuasi,2/7/2022,Day,No,0,Fire,Medium,Process Plant,Environmental Conditions,Human Behaviour,26133,Loader,65.6,Stable,Moderate,Rain,Lifting,Welder,421,9,2022,3,3,2,0,0,1,1,3.203239051,4,2,Intermediate,3,2,2.3,171,5,Dry Season,2,3,1,1,35.21006638,Medium Risk
IN-12-02-2022-010,Gold Fields,Obuasi,2/12/2022,Night,Yes,1,Equipment,Low,Process Plant,Unsafe Driving,Human Behaviour,32886,,78.6,Moderate Fracturing,Low,Clear,Welding,Driver,446,4,2022,1,5,2,5,1,1,0,5.830472949,1,4,Intermediate,3,4,1.65,171,5,Dry Season,2,4,1,1,39.76427605,Medium Risk
IN-24-02-2022-010,Gold Fields,Ahafo,2/24/2022,Night,Yes,1,Electrical,Low,Process Plant,Environmental Conditions,Procedural Failure,40010,Loader,78.6,Moderate Fracturing,Low,Clear,Equipment Operation,Supervisor,957,18,2022,1,4,2,3,0,1,0,5.265239803,1,3,Intermediate,3,4,1.5,171,12,Dry Season,2,4,1,1,33.55237489,Medium Risk
IN-26-02-2022-010,Gold Fields,Damang,2/26/2022,Day,Yes,1,Vehicle,High Potential,Process Plant,Lack of Risk Assessment,Procedural Failure,38272,Truck,81,Highly Fractured,Low,Clear,Welding,Mechanic,858,28,2022,2,5,2,5,1,1,2,3.141851457,1,4,Advanced,2,2,2.35,171,2,Dry Season,2,3,1,1,50.96061268,High Risk
IN-03-03-2022-010,Gold Fields,Ahafo,3/3/2022,Day,Yes,1,Chemical,Medium,Process Plant,Human Error,Training Deficiency,37703,Loader,70.8,Stable,Low,High Dust,Driving,Mechanic,659,44,2022,4,2,3,3,0,1,1,2.134285636,,5,Intermediate,3,2,,171,5,Minor Rainy Season,2,1,1,3,19.00801151,Low Risk
IN-25-03-2022-010,Newmont,Obuasi,3/25/2022,Day,Yes,1,Equipment,High Potential,Process Plant,Human Error,Training Deficiency,14486,,97.7,Stable,High,Clear,Welding,Operator,1044,33,2022,1,5,3,4,0,1,2,3.757163199,1,4,Intermediate,3,2,2.15,171,22,Minor Rainy Season,2,3,1,1,50.96061268,High Risk
IN-13-04-2022-010,AngloGold Ashanti,Ahafo,4/13/2022,Night,Yes,1,Equipment,Medium,Process Plant,Environmental Conditions,Human Behaviour,41343,Crusher,95.2,Moderate Fracturing,Low,Clear,Maintenance,Operator,1081,15,2022,1,4,4,2,0,2,1,7.783737824,1,2,Intermediate,3,4,1.85,171,19,Minor Rainy Season,2,4,1,1,45.53250452,Medium Risk
IN-17-04-2022-010,Gold Fields,Damang,4/17/2022,Night,Yes,1,Electrical,Medium,Process Plant,Human Error,Environmental Condition,23581,Excavator,80,Moderate Fracturing,Low,Rain,Driving,Operator,312,42,2022,1,2,4,6,1,2,1,7.583735338,4,4,Intermediate,3,4,1.85,171,4,Minor Rainy Season,4,2,1,3,58.95173108,High Risk
IN-18-04-2022-010,Newmont,Tarkwa,4/18/2022,Night,No,0,Fire,Low,Process Plant,Design / Layout Deficiency,Training Deficiency,9765,Excavator,76.3,Stable,Moderate,Fog,Welding,Supervisor,680,25,2022,3,5,4,0,0,2,0,4.02927093,2,5,Intermediate,3,4,2.25,171,1,Minor Rainy Season,4,4,1,1,58.29068737,High Risk
IN-20-04-2022-010,Newmont,Ahafo,4/20/2022,Night,Yes,1,Vehicle,Critical Potential,Process Plant,Unsafe Driving,Training Deficiency,21260,Truck,66.5,Highly Fractured,Low,Rain,Welding,Welder,938,14,2022,2,5,4,2,0,2,3,15.27500839,4,3,Advanced,2,4,3.2,171,2,Minor Rainy Season,2,4,1,1,84.35805055,Critical Risk
IN-26-04-2022-010,Gold Fields,Damang,4/26/2022,Night,No,0,Electrical,Critical Potential,Process Plant,Inadequate Supervision,Equipment Failure,42952,Excavator,76.7,Stable,Low,Clear,Welding,Welder,1007,19,2022,1,5,4,1,0,2,3,4.523991426,1,2,Advanced,2,4,2.65,171,6,Minor Rainy Season,4,4,1,1,91.34661437,Critical Risk
IN-27-04-2022-010,Newmont,Ahafo,4/27/2022,Night,No,0,Fall of Ground,High Potential,Process Plant,Inadequate Supervision,Procedural Failure,9621,,72.4,Highly Fractured,Low,Rain,Lifting,Mechanic,536,25,2022,1,3,4,2,0,2,2,1.97956394,4,3,Basic,4,4,2.4,171,1,Minor Rainy Season,2,4,1,1,59.95411862,High Risk
IN-11-05-2022-010,Gold Fields,Tarkwa,5/11/2022,Night,No,0,Chemical,Critical Potential,Process Plant,Unsafe Driving,Training Deficiency,30553,Excavator,66.3,Stable,Low,High Dust,Equipment Operation,Operator,855,33,2022,4,4,5,2,0,2,3,0.084933709,,3,Intermediate,3,4,,171,14,Minor Rainy Season,4,4,1,3,92.1625951,Critical Risk
IN-15-06-2022-010,AngloGold Ashanti,Tarkwa,6/15/2022,Night,Yes,1,Fall of Ground,Low,Process Plant,Lack of Risk Assessment,Human Behaviour,31027,Truck,75.9,Moderate Fracturing,Low,Clear,Maintenance,Welder,544,12,2022,1,4,6,2,0,2,0,8.419760727,1,5,Advanced,2,4,1.45,171,35,Major Rainy Season,2,4,1,1,33.55237489,Medium Risk
IN-09-07-2022-010,Newmont,Ahafo,7/9/2022,Day,Yes,1,Fall of Ground,Medium,Process Plant,Lack of Risk Assessment,Environmental Condition,26435,Crusher,76.9,Highly Fractured,Low,Rain,Driving,Supervisor,336,5,2022,1,2,7,5,1,3,1,1.650476286,4,3,Basic,4,2,1.7,171,24,Major Rainy Season,2,1,1,3,30.54585902,Medium Risk
IN-11-07-2022-010,AngloGold Ashanti,Tarkwa,7/11/2022,Night,No,0,Electrical,Medium,Process Plant,Human Error,Training Deficiency,32281,Excavator,65.1,Stable,Low,Clear,Driving,Welder,931,13,2022,1,2,7,0,0,3,1,2.270182841,1,4,Intermediate,3,4,1.55,171,2,Major Rainy Season,4,2,1,1,40.38600169,Medium Risk
IN-02-08-2022-010,Newmont,Ahafo,8/2/2022,Day,Yes,1,Chemical,Medium,Process Plant,Unsafe Driving,Training Deficiency,31950,Truck,72.7,Stable,Low,Clear,Maintenance,Mechanic,882,35,2022,4,4,8,1,0,3,1,0.976316882,1,4,Intermediate,3,2,2.4,171,22,Major Rainy Season,2,3,1,1,32.7685819,Medium Risk
IN-04-08-2022-010,Gold Fields,Ahafo,8/4/2022,Day,Yes,1,Fall of Ground,Low,Process Plant,Unsafe Driving,Human Behaviour,28620,Crusher,65.1,Highly Fractured,Low,Clear,Welding,Operator,896,15,2022,1,5,8,3,0,3,0,1.362810601,1,2,Intermediate,3,2,1.45,171,2,Major Rainy Season,2,3,1,1,27.00035343,Low Risk
IN-14-08-2022-010,AngloGold Ashanti,Ahafo,8/14/2022,Night,Yes,1,Chemical,Medium,Process Plant,Lack of Risk Assessment,Human Behaviour,20960,,80.4,Stable,Moderate,Clear,Maintenance,Operator,327,30,2022,4,4,8,6,1,3,1,2.018878658,1,3,Intermediate,3,4,2.6,171,10,Major Rainy Season,2,4,1,1,45.53250452,Medium Risk
IN-16-08-2022-010,Newmont,Obuasi,8/16/2022,Night,No,0,Fall of Ground,Low,Process Plant,Unsafe Driving,Equipment Failure,20927,Excavator,75.8,Moderate Fracturing,High,Clear,Lifting,Supervisor,676,40,2022,1,3,8,1,0,3,0,6.284510112,1,2,Intermediate,3,4,1.35,171,2,Major Rainy Season,4,4,1,1,42.98242319,Medium Risk
IN-19-08-2022-010,Gold Fields,Damang,8/19/2022,Day,Yes,1,Fire,Medium,Process Plant,Unsafe Driving,Procedural Failure,9631,Excavator,79.1,Stable,Low,Clear,Welding,Mechanic,411,11,2022,3,5,8,4,0,3,1,3.936939548,1,4,Intermediate,3,2,2.3,171,3,Major Rainy Season,4,3,1,1,54.6224325,High Risk
IN-19-08-2022-010,Gold Fields,Damang,8/19/2022,Night,No,0,Fall of Ground,Critical Potential,Process Plant,Environmental Conditions,Human Behaviour,15891,Truck,86.3,Moderate Fracturing,Low,Clear,Equipment Operation,Operator,1101,13,2022,1,4,8,4,0,3,3,0.757254523,1,5,Basic,4,4,2.6,171,0,Major Rainy Season,2,4,1,1,69.49276377,High Risk
IN-05-09-2022-010,Gold Fields,Ahafo,9/5/2022,Day,Yes,1,Fall of Ground,Medium,Process Plant,Unsafe Driving,Environmental Condition,26271,Loader,66.9,Moderate Fracturing,High,Rain,Welding,Mechanic,996,3,2022,1,5,9,0,0,3,1,0.023819945,4,4,Intermediate,3,2,2.1,171,17,Transition Season,2,3,1,1,47.63386869,Medium Risk
IN-17-09-2022-010,AngloGold Ashanti,Damang,9/17/2022,Day,No,0,Equipment,Medium,Process Plant,Human Error,Training Deficiency,24810,Crusher,91.1,Moderate Fracturing,Moderate,Rain,Welding,Driver,760,18,2022,1,5,9,5,1,3,1,4.320765567,4,5,Intermediate,3,2,2.1,171,12,Transition Season,2,3,1,1,47.63386869,Medium Risk
IN-22-09-2022-010,AngloGold Ashanti,Damang,9/22/2022,Day,No,0,Chemical,Medium,Process Plant,Unsafe Driving,Equipment Failure,13433,Excavator,67.8,Stable,Low,Rain,Driving,Mechanic,217,37,2022,4,2,9,3,0,3,1,6.944918182,4,3,Intermediate,3,2,2.4,171,5,Transition Season,4,1,1,3,46.18780847,Medium Risk
IN-25-09-2022-010,Gold Fields,Ahafo,9/25/2022,Night,Yes,1,Equipment,Critical Potential,Process Plant,Human Error,Human Behaviour,21727,Truck,68,Stable,Moderate,Clear,Lifting,Driver,1035,25,2022,1,3,9,6,1,3,3,0.398666122,1,5,Basic,4,4,2.45,171,3,Transition Season,2,4,1,1,63.28086262,High Risk
IN-06-10-2022-010,Newmont,Tarkwa,10/6/2022,Night,Yes,1,Equipment,Low,Process Plant,Lack of Risk Assessment,Human Behaviour,22794,Loader,84.1,Stable,Low,Rain,Welding,Supervisor,254,4,2022,1,5,10,3,0,4,0,21.29159949,4,2,Intermediate,3,4,1.95,171,11,Transition Season,2,4,1,1,48.41766168,Medium Risk
IN-14-10-2022-010,AngloGold Ashanti,Tarkwa,10/14/2022,Day,Yes,1,Electrical,Low,Process Plant,Human Error,Procedural Failure,40897,Truck,71.2,Stable,High,Clear,Equipment Operation,Welder,505,20,2022,1,4,10,4,0,4,0,9.675874193,1,4,Intermediate,3,2,1.3,171,8,Transition Season,2,3,1,1,20.78845228,Low Risk
IN-17-10-2022-010,Gold Fields,Ahafo,10/17/2022,Day,No,0,Chemical,High Potential,Process Plant,Unsafe Driving,Equipment Failure,5835,Loader,95.8,Highly Fractured,Moderate,Clear,Equipment Operation,Mechanic,809,41,2022,4,4,10,0,0,4,2,14.86421546,1,4,Intermediate,3,2,2.75,171,3,Transition Season,2,3,1,1,44.74871153,Medium Risk
IN-17-10-2022-010,AngloGold Ashanti,Tarkwa,10/17/2022,Night,Yes,1,Fire,Medium,Process Plant,Unsafe Driving,Procedural Failure,18382,Loader,81.1,Highly Fractured,Low,High Dust,Lifting,Welder,685,32,2022,3,3,10,0,0,4,1,7.375116194,,4,Basic,4,4,,171,0,Transition Season,2,4,1,3,46.34848525,Medium Risk
IN-10-11-2022-010,AngloGold Ashanti,Ahafo,11/10/2022,Night,Yes,1,Fire,Medium,Process Plant,Environmental Conditions,Equipment Failure,33258,Truck,94.6,Stable,Moderate,Clear,Welding,Mechanic,925,23,2022,3,5,11,3,0,4,1,2.228573881,1,3,Intermediate,3,4,2.5,171,24,Transition Season,2,4,1,1,51.74440567,High Risk
IN-23-11-2022-010,AngloGold Ashanti,Ahafo,11/23/2022,Day,Yes,1,Vehicle,Low,Process Plant,Inadequate Supervision,Environmental Condition,19953,,88.5,Moderate Fracturing,Low,Extreme Heat,Maintenance,Operator,785,22,2022,2,4,11,2,0,4,0,0.476523205,4,3,Intermediate,3,2,1.85,171,13,Transition Season,2,3,1,3,39.35418167,Medium Risk
IN-18-12-2022-010,Newmont,Tarkwa,12/18/2022,Day,Yes,1,Equipment,Medium,Process Plant,Human Error,Human Behaviour,17061,Truck,76.3,Moderate Fracturing,Low,Clear,Equipment Operation,Supervisor,942,31,2022,1,4,12,6,1,4,1,1.926289368,1,3,Basic,4,2,1.7,171,25,Dry Season,2,3,1,1,32.7685819,Medium Risk
IN-18-12-2022-010,Gold Fields,Damang,12/18/2022,Day,No,0,Fire,Low,Process Plant,Environmental Conditions,Equipment Failure,17516,Excavator,73.9,Highly Fractured,Low,Clear,Welding,Operator,931,26,2022,3,5,12,6,1,4,0,0.380591047,1,2,Intermediate,3,2,1.95,171,0,Dry Season,4,3,1,1,42.64230288,Medium Risk
IN-26-12-2022-010,Newmont,Ahafo,12/26/2022,Day,No,0,Fall of Ground,Low,Process Plant,Human Error,Human Behaviour,20043,Truck,96.9,Stable,Low,Rain,Welding,Supervisor,1126,37,2022,1,5,12,0,0,4,0,2.838961335,4,4,Intermediate,3,2,1.75,171,8,Dry Season,2,3,1,1,35.65373906,Medium Risk
IN-03-01-2023-010,Gold Fields,Ahafo,1/3/2023,Night,Yes,1,Fall of Ground,High Potential,Process Plant,Poor Maintenance,Environmental Condition,25823,,68.5,Moderate Fracturing,Low,Clear,Driving,Mechanic,215,16,2023,1,2,1,1,0,1,2,2.583190187,1,3,Basic,4,4,1.95,171,8,Dry Season,2,2,1,1,36.72418187,Medium Risk
IN-18-01-2023-010,Gold Fields,Damang,1/18/2023,Night,No,0,Vehicle,Critical Potential,Process Plant,Inadequate Supervision,Training Deficiency,28831,Loader,69.2,Highly Fractured,Low,Clear,Equipment Operation,Operator,1177,12,2023,2,4,1,2,0,1,3,3.253187296,1,3,Intermediate,3,4,2.8,171,15,Dry Season,2,4,1,1,69.49276377,High Risk
IN-25-01-2023-010,AngloGold Ashanti,Obuasi,1/25/2023,Day,Yes,1,Vehicle,Medium,Process Plant,Design / Layout Deficiency,Training Deficiency,9700,Crusher,84.3,Stable,Low,Clear,Driving,Operator,272,13,2023,2,2,1,2,0,1,1,9.342259721,1,3,Intermediate,3,2,1.6,171,7,Dry Season,2,1,1,1,11.98012963,Low Risk
IN-09-03-2023-010,AngloGold Ashanti,Ahafo,3/9/2023,Night,Yes,1,Vehicle,Critical Potential,Process Plant,Human Error,Training Deficiency,28227,Loader,90,Highly Fractured,Moderate,Rain,Equipment Operation,Supervisor,827,30,2023,2,4,3,3,0,1,3,1.340979719,4,3,Basic,4,4,3.15,171,43,Minor Rainy Season,2,4,1,3,88.05849316,Critical Risk
IN-17-03-2023-010,Newmont,Ahafo,3/17/2023,Day,Yes,1,Electrical,High Potential,Process Plant,Inadequate Supervision,Procedural Failure,43014,Truck,81.6,Moderate Fracturing,Moderate,Rain,Driving,Supervisor,1068,18,2023,1,2,3,4,0,1,2,0.332867496,4,3,Basic,4,2,2.05,171,8,Minor Rainy Season,2,1,1,3,42.52598865,Medium Risk
IN-26-03-2023-010,AngloGold Ashanti,Damang,3/26/2023,Day,Yes,1,Equipment,Medium,Process Plant,Unsafe Driving,Environmental Condition,14716,Crusher,85.4,Stable,Low,Extreme Heat,Welding,Mechanic,987,4,2023,1,5,3,6,1,1,1,4.326876913,4,2,Intermediate,3,2,2.1,171,9,Minor Rainy Season,2,3,1,3,57.54621245,High Risk
IN-02-04-2023-010,Newmont,Ahafo,4/2/2023,Day,No,0,Chemical,Low,Process Plant,Lack of Risk Assessment,Equipment Failure,38714,Excavator,75.2,Stable,Low,Clear,Maintenance,Welder,484,15,2023,4,4,4,6,1,2,0,8.047503357,1,4,Intermediate,3,2,2.05,171,7,Minor Rainy Season,4,3,1,1,36.43040172,Medium Risk
IN-02-04-2023-010,Gold Fields,Damang,4/2/2023,Day,No,0,Fall of Ground,Medium,Process Plant,Lack of Risk Assessment,Environmental Condition,36113,Truck,94.1,Stable,Low,Extreme Heat,Driving,Supervisor,816,17,2023,1,2,4,6,1,2,1,0.437819073,4,3,Basic,4,2,1.7,171,0,Minor Rainy Season,2,1,1,3,30.54585902,Medium Risk
IN-04-04-2023-010,AngloGold Ashanti,Tarkwa,4/4/2023,Day,Yes,1,Electrical,High Potential,Process Plant,Human Error,Procedural Failure,39815,Loader,92.2,Highly Fractured,Low,Clear,Welding,Driver,570,0,2023,1,5,4,1,0,2,2,0.07819253,1,3,Intermediate,3,2,2.15,171,2,Minor Rainy Season,2,3,1,1,50.96061268,High Risk
IN-04-04-2023-010,AngloGold Ashanti,Damang,4/4/2023,Night,No,0,Vehicle,Medium,Process Plant,Lack of Risk Assessment,Environmental Condition,5801,Excavator,90.4,Moderate Fracturing,Low,Fog,Maintenance,Operator,1111,1,2023,2,4,4,1,0,2,1,3.448601622,2,3,Advanced,2,4,2.15,171,0,Minor Rainy Season,4,4,1,1,64.05891584,High Risk
IN-10-04-2023-010,Gold Fields,Damang,4/10/2023,Day,Yes,1,Electrical,Medium,Process Plant,Environmental Conditions,Procedural Failure,17809,,83.6,Moderate Fracturing,Moderate,Clear,Driving,Mechanic,219,12,2023,1,2,4,0,0,2,1,3.49740659,1,4,Basic,4,2,1.4,171,6,Minor Rainy Season,2,1,1,1,11.98012963,Low Risk
IN-26-04-2023-010,AngloGold Ashanti,Damang,4/26/2023,Night,Yes,1,Electrical,Critical Potential,Process Plant,Human Error,Training Deficiency,37275,Crusher,72.4,Stable,Low,Clear,Welding,Welder,788,36,2023,1,5,4,2,0,2,3,6.177793486,1,4,Advanced,2,4,2.65,171,16,Minor Rainy Season,2,4,1,1,75.70466492,Critical Risk
IN-01-05-2023-010,Gold Fields,Ahafo,5/1/2023,Night,No,0,Fire,Medium,Process Plant,Environmental Conditions,Environmental Condition,27684,Truck,76.7,Stable,Moderate,Clear,Driving,Driver,757,27,2023,3,2,5,0,0,2,1,0.693016572,1,3,Intermediate,3,4,2.05,171,5,Minor Rainy Season,2,2,1,1,24.74405224,Low Risk
IN-17-06-2023-010,Newmont,Obuasi,6/17/2023,Day,Yes,1,Electrical,Critical Potential,Process Plant,Human Error,Equipment Failure,29722,Truck,81.2,Moderate Fracturing,Moderate,Clear,Driving,Operator,897,31,2023,1,2,6,5,1,2,3,8.648816927,1,2,Basic,4,2,2.1,171,47,Major Rainy Season,2,1,1,1,35.94038888,Medium Risk
IN-26-06-2023-010,Newmont,Ahafo,6/26/2023,Night,Yes,1,Electrical,Medium,Process Plant,Lack of Risk Assessment,Equipment Failure,8380,Excavator,80.1,Moderate Fracturing,Low,Clear,Lifting,Mechanic,986,8,2023,1,3,6,0,0,2,1,0.031730324,1,3,Basic,4,4,1.75,171,9,Major Rainy Season,4,4,1,1,54.96255281,High Risk
IN-01-07-2023-010,AngloGold Ashanti,Obuasi,7/1/2023,Day,No,0,Fall of Ground,Medium,Process Plant,Human Error,Equipment Failure,37746,,96.9,Stable,Low,Clear,Lifting,Supervisor,984,5,2023,1,3,7,5,1,3,1,4.299523397,1,2,Basic,4,2,1.55,171,5,Major Rainy Season,2,3,1,1,26.55668075,Low Risk
IN-03-07-2023-010,Gold Fields,Tarkwa,7/3/2023,Day,No,0,Electrical,Medium,Process Plant,Human Error,Procedural Failure,44802,Crusher,77.3,Stable,Moderate,Fog,Equipment Operation,Driver,872,40,2023,1,4,7,0,0,3,1,2.396807752,2,3,Basic,4,2,1.8,171,2,Major Rainy Season,2,3,1,1,35.65304378,Medium Risk
IN-04-07-2023-010,AngloGold Ashanti,Tarkwa,7/4/2023,Day,No,0,Electrical,Medium,Process Plant,Unsafe Driving,Environmental Condition,9242,Loader,70.8,Moderate Fracturing,Low,High Dust,Lifting,Driver,627,36,2023,1,3,7,1,0,3,1,7.26517145,,5,Basic,4,2,,171,1,Major Rainy Season,2,3,1,3,33.58456264,Medium Risk
IN-18-07-2023-010,AngloGold Ashanti,Damang,7/18/2023,Night,Yes,1,Equipment,Critical Potential,Process Plant,Poor Maintenance,Environmental Condition,5671,Loader,85.3,Highly Fractured,Moderate,Clear,Welding,Welder,250,20,2023,1,5,7,1,0,3,3,7.070705362,1,2,Advanced,2,4,2.65,171,14,Major Rainy Season,2,4,1,1,75.70466492,Critical Risk
IN-26-07-2023-010,Newmont,Ahafo,7/26/2023,Night,No,0,Chemical,Medium,Process Plant,Environmental Conditions,Procedural Failure,27727,Crusher,72.4,Stable,Low,Clear,Maintenance,Welder,241,4,2023,4,4,7,2,0,3,1,0.800903189,1,4,Advanced,2,4,2.55,171,8,Major Rainy Season,2,4,1,1,45.53250452,Medium Risk
IN-20-08-2023-010,AngloGold Ashanti,Tarkwa,8/20/2023,Night,Yes,1,Electrical,Low,Process Plant,Unsafe Driving,Procedural Failure,22376,Loader,90.5,Moderate Fracturing,Moderate,Extreme Heat,Driving,Welder,288,32,2023,1,2,8,6,1,3,0,5.862886733,4,3,Intermediate,3,4,1.5,171,25,Major Rainy Season,2,2,1,3,31.32965201,Medium Risk
IN-22-08-2023-010,AngloGold Ashanti,Ahafo,8/22/2023,Day,Yes,1,Fire,High Potential,Process Plant,Poor Maintenance,Training Deficiency,25047,Crusher,84.2,Stable,Low,Rain,Driving,Mechanic,860,11,2023,3,2,8,1,0,3,2,15.00857141,4,4,Basic,4,2,2.55,171,2,Major Rainy Season,2,1,1,3,42.52598865,Medium Risk
IN-26-08-2023-010,AngloGold Ashanti,Damang,8/26/2023,Night,Yes,1,Equipment,Medium,Process Plant,Environmental Conditions,Training Deficiency,42656,Crusher,89.5,Moderate Fracturing,High,Clear,Lifting,Driver,363,7,2023,1,3,8,5,1,3,1,3.765965291,1,5,Intermediate,3,4,1.7,171,4,Major Rainy Season,2,4,1,1,39.32060337,Medium Risk
IN-23-09-2023-010,Newmont,Damang,9/23/2023,Night,Yes,1,Fire,Medium,Process Plant,Design / Layout Deficiency,Training Deficiency,22140,Truck,68.1,Stable,Low,Extreme Heat,Driving,Mechanic,326,11,2023,3,2,9,5,1,3,1,1.763894122,4,4,Intermediate,3,4,2.35,171,28,Transition Season,2,2,1,3,43.30978164,Medium Risk
IN-03-10-2023-010,Gold Fields,Obuasi,10/3/2023,Night,No,0,Equipment,Critical Potential,Process Plant,Environmental Conditions,Procedural Failure,37244,Truck,89.1,Highly Fractured,Moderate,Rain,Equipment Operation,Mechanic,610,26,2023,1,4,10,1,0,4,3,0.645068577,4,5,Intermediate,3,4,2.85,171,10,Transition Season,2,4,1,3,88.05849316,Critical Risk
IN-03-10-2023-010,Gold Fields,Damang,10/3/2023,Day,Yes,1,Electrical,High Potential,Process Plant,Unsafe Driving,Environmental Condition,25202,Loader,97.6,Moderate Fracturing,Low,Extreme Heat,Lifting,Operator,314,5,2023,1,3,10,1,0,4,2,1.169418428,4,4,Basic,4,2,2.2,171,0,Transition Season,2,3,1,3,57.10253977,High Risk
IN-10-10-2023-010,Gold Fields,Damang,10/10/2023,Night,No,0,Vehicle,Low,Process Plant,Design / Layout Deficiency,Procedural Failure,39231,Crusher,97,Moderate Fracturing,Moderate,Rain,Maintenance,Welder,858,5,2023,2,4,10,1,0,4,0,3.213308869,4,5,Intermediate,3,4,2.05,171,7,Transition Season,2,4,1,1,42.20576053,Medium Risk
IN-12-10-2023-010,AngloGold Ashanti,Damang,10/12/2023,Day,No,0,Vehicle,Medium,Process Plant,Poor Maintenance,Procedural Failure,6055,Crusher,86.5,Stable,Low,Clear,Welding,Driver,285,30,2023,2,5,10,3,0,4,1,1.099670968,1,3,Advanced,2,2,2,171,2,Transition Season,2,3,1,1,38.98048306,Medium Risk
IN-19-10-2023-010,Newmont,Damang,10/19/2023,Day,Yes,1,Fire,Low,Process Plant,Unsafe Driving,Procedural Failure,5562,Excavator,66.3,Stable,Moderate,Clear,Equipment Operation,Mechanic,292,27,2023,3,4,10,3,0,4,0,1.130589986,1,3,Intermediate,3,2,1.8,171,7,Transition Season,4,3,1,1,36.43040172,Medium Risk
IN-25-10-2023-010,Gold Fields,Ahafo,10/25/2023,Day,No,0,Vehicle,High Potential,Process Plant,Unsafe Driving,Training Deficiency,26448,Crusher,86.8,Stable,Low,High Dust,Lifting,Supervisor,407,14,2023,2,3,10,2,0,4,2,6.56195904,,3,Basic,4,2,,171,6,Transition Season,2,3,1,3,45.56469226,Medium Risk
IN-10-12-2023-010,Gold Fields,Obuasi,12/10/2023,Day,No,0,Electrical,Medium,Process Plant,Human Error,Environmental Condition,18864,Crusher,71.6,Moderate Fracturing,Moderate,Clear,Equipment Operation,Supervisor,1049,42,2023,1,4,12,6,1,4,1,3.314749621,1,4,Intermediate,3,2,1.65,171,46,Dry Season,2,3,1,1,32.7685819,Medium Risk
IN-17-12-2023-010,AngloGold Ashanti,Damang,12/17/2023,Day,Yes,1,Electrical,Medium,Process Plant,Unsafe Driving,Environmental Condition,17961,Crusher,79.1,Stable,Low,Clear,Lifting,Mechanic,1046,35,2023,1,3,12,6,1,4,1,8.120121921,1,3,Basic,4,2,1.55,171,7,Dry Season,2,3,1,1,26.55668075,Low Risk
IN-19-12-2023-010,Newmont,Ahafo,12/19/2023,Day,No,0,Fire,Low,Process Plant,Inadequate Supervision,Training Deficiency,6860,Excavator,93,Highly Fractured,Moderate,Rain,Welding,Mechanic,1012,8,2023,3,5,12,1,0,4,0,0.018998208,4,2,Intermediate,3,2,2.25,171,2,Dry Season,4,3,1,1,51.29568851,High Risk
IN-01-01-2024-010,Newmont,Obuasi,1/1/2024,Day,Yes,1,Electrical,Low,Process Plant,Poor Maintenance,Human Behaviour,11630,Excavator,83.4,Highly Fractured,Moderate,Clear,Welding,Driver,885,25,2024,1,5,1,0,0,1,0,3.091031235,1,3,Intermediate,3,2,1.45,171,13,Dry Season,4,3,1,1,42.64230288,Medium Risk
IN-08-01-2024-010,Newmont,Ahafo,1/8/2024,Day,Yes,1,Equipment,High Potential,Process Plant,Human Error,Equipment Failure,44673,Loader,93.4,Moderate Fracturing,Moderate,Rain,Welding,Mechanic,227,16,2024,1,5,1,0,0,1,2,5.476445541,4,3,Advanced,2,2,2.4,171,7,Dry Season,2,3,1,1,59.61399831,High Risk
IN-16-01-2024-010,Gold Fields,Tarkwa,1/16/2024,Day,Yes,1,Equipment,High Potential,Process Plant,Poor Maintenance,Environmental Condition,35866,,94.8,Stable,Moderate,Clear,Driving,Operator,227,1,2024,1,2,1,1,0,1,2,1.405327192,1,2,Basic,4,2,1.75,171,8,Dry Season,2,1,1,1,23.96025925,Low Risk
IN-17-01-2024-010,AngloGold Ashanti,Damang,1/17/2024,Night,Yes,1,Fall of Ground,High Potential,Process Plant,Lack of Risk Assessment,Environmental Condition,36403,Crusher,85.6,Stable,Low,Clear,Lifting,Mechanic,212,27,2024,1,3,1,2,0,1,2,1.5501442,1,2,Basic,4,4,2.1,171,1,Dry Season,2,4,1,1,51.30073299,High Risk
IN-08-02-2024-010,Newmont,Ahafo,2/8/2024,Night,Yes,1,Equipment,Medium,Process Plant,Inadequate Supervision,Human Behaviour,38637,Excavator,95.4,Stable,Moderate,Rain,Maintenance,Supervisor,819,29,2024,1,4,2,3,0,1,1,4.393739959,4,2,Advanced,2,4,2.1,171,22,Dry Season,4,4,1,1,69.8278396,High Risk
IN-25-02-2024-010,AngloGold Ashanti,Obuasi,2/25/2024,Night,Yes,1,Chemical,Low,Process Plant,Inadequate Supervision,Procedural Failure,36688,Excavator,68.9,Stable,Low,Clear,Driving,Mechanic,1192,14,2024,4,2,2,6,1,1,0,0.457575083,1,4,Intermediate,3,4,1.95,171,17,Dry Season,4,2,1,1,28.40587206,Low Risk
IN-27-02-2024-010,AngloGold Ashanti,Tarkwa,2/27/2024,Night,No,0,Vehicle,Medium,Process Plant,Poor Maintenance,Training Deficiency,17941,Truck,69.1,Highly Fractured,Low,Clear,Maintenance,Operator,453,12,2024,2,4,2,1,0,1,1,2.80093212,1,3,Advanced,2,4,2.05,171,2,Dry Season,2,4,1,1,45.53250452,Medium Risk
IN-16-03-2024-010,Gold Fields,Tarkwa,3/16/2024,Day,No,0,Equipment,Low,Process Plant,Unsafe Driving,Procedural Failure,38909,Loader,87.3,Moderate Fracturing,Low,Extreme Heat,Welding,Supervisor,1136,36,2024,1,5,3,5,1,1,0,11.24444078,4,5,Advanced,2,2,1.7,171,18,Minor Rainy Season,2,3,1,3,45.56608283,Medium Risk
IN-18-03-2024-010,AngloGold Ashanti,Damang,3/18/2024,Day,Yes,1,Fall of Ground,Critical Potential,Process Plant,Human Error,Environmental Condition,28608,Excavator,91.9,Moderate Fracturing,Low,Rain,Lifting,Mechanic,366,31,2024,1,3,3,0,0,1,3,3.898389826,4,3,Basic,4,2,2.55,171,2,Minor Rainy Season,4,3,1,1,74.81227508,Critical Risk
IN-26-03-2024-010,Newmont,Tarkwa,3/26/2024,Day,Yes,1,Equipment,Medium,Process Plant,Design / Layout Deficiency,Environmental Condition,18526,,81.7,Highly Fractured,Low,Clear,Driving,Mechanic,722,28,2024,1,2,3,1,0,1,1,0.479043728,1,3,Basic,4,2,1.4,171,8,Minor Rainy Season,2,1,1,1,11.98012963,Low Risk
IN-01-04-2024-010,AngloGold Ashanti,Damang,4/1/2024,Day,No,0,Fall of Ground,High Potential,Process Plant,Unsafe Driving,Procedural Failure,13221,Excavator,88.8,Stable,Low,Clear,Welding,Driver,702,41,2024,1,5,4,0,0,2,2,4.640124306,1,3,Intermediate,3,2,2.15,171,6,Minor Rainy Season,4,3,1,1,66.60256213,High Risk
IN-05-04-2024-010,Newmont,Damang,4/5/2024,Night,Yes,1,Chemical,Critical Potential,Process Plant,Unsafe Driving,Environmental Condition,7019,Truck,65.8,Moderate Fracturing,Moderate,Clear,Welding,Driver,247,13,2024,4,5,4,4,0,2,3,1.624686296,1,4,Intermediate,3,4,3.45,171,4,Minor Rainy Season,2,4,1,1,75.70466492,Critical Risk
IN-06-04-2024-010,AngloGold Ashanti,Obuasi,4/6/2024,Night,No,0,Chemical,Critical Potential,Process Plant,Design / Layout Deficiency,Training Deficiency,18429,,85.3,Highly Fractured,Moderate,Rain,Lifting,Driver,364,19,2024,4,3,4,5,1,2,3,0.521817373,4,2,Basic,4,4,3.5,171,1,Minor Rainy Season,2,4,1,1,71.93424825,Critical Risk
IN-27-04-2024-010,Gold Fields,Obuasi,4/27/2024,Night,Yes,1,Vehicle,Medium,Process Plant,Human Error,Environmental Condition,38879,Excavator,87.7,Highly Fractured,Moderate,Clear,Maintenance,Driver,669,36,2024,2,4,4,5,1,2,1,0.73232713,1,5,Advanced,2,4,2.05,171,21,Minor Rainy Season,4,4,1,1,61.17445397,High Risk
IN-10-05-2024-010,AngloGold Ashanti,Ahafo,5/10/2024,Day,Yes,1,Chemical,Medium,Process Plant,Environmental Conditions,Procedural Failure,21101,Loader,80.9,Stable,Low,Rain,Lifting,Driver,594,15,2024,4,3,5,4,0,2,1,2.78949055,4,2,Intermediate,3,2,2.55,171,13,Minor Rainy Season,2,3,1,1,35.21006638,Medium Risk
IN-01-06-2024-010,Newmont,Tarkwa,6/1/2024,Night,No,0,Fire,High Potential,Process Plant,Poor Maintenance,Procedural Failure,8199,Loader,65.1,Highly Fractured,Low,Rain,Driving,Supervisor,279,26,2024,3,2,6,5,1,2,2,18.88040264,4,2,Intermediate,3,4,2.7,171,22,Major Rainy Season,2,2,1,3,55.28991126,High Risk
IN-07-06-2024-010,Gold Fields,Damang,6/7/2024,Night,No,0,Fall of Ground,Medium,Process Plant,Unsafe Driving,Human Behaviour,23006,Crusher,86.6,Moderate Fracturing,Low,Clear,Equipment Operation,Operator,820,9,2024,1,4,6,4,0,2,1,0.093778566,1,2,Basic,4,4,1.9,171,6,Major Rainy Season,2,4,1,1,45.53250452,Medium Risk
IN-25-06-2024-010,AngloGold Ashanti,Damang,6/25/2024,Day,Yes,1,Equipment,High Potential,Process Plant,Unsafe Driving,Procedural Failure,17439,Crusher,80.4,Stable,Low,Rain,Maintenance,Supervisor,907,37,2024,1,4,6,1,0,2,2,2.462271195,4,3,Intermediate,3,2,2.3,171,18,Major Rainy Season,2,3,1,1,53.40209716,High Risk
IN-15-07-2024-010,Newmont,Tarkwa,7/15/2024,Day,Yes,1,Chemical,Medium,Process Plant,Human Error,Training Deficiency,20802,,89.9,Highly Fractured,High,Rain,Equipment Operation,Supervisor,581,44,2024,4,4,7,0,0,3,1,8.268545887,4,3,Basic,4,2,2.75,171,20,Major Rainy Season,2,3,1,3,51.3343113,High Risk
IN-05-08-2024-010,Newmont,Damang,8/5/2024,Day,No,0,Equipment,Critical Potential,Process Plant,Human Error,Equipment Failure,29220,Loader,86.8,Highly Fractured,Low,Clear,Welding,Operator,429,42,2024,1,5,8,0,0,3,3,0.102826893,1,4,Advanced,2,2,2.45,171,21,Major Rainy Season,2,3,1,1,62.94074231,High Risk
IN-07-08-2024-010,Newmont,Tarkwa,8/7/2024,Day,No,0,Chemical,Low,Process Plant,Unsafe Driving,Training Deficiency,39315,Excavator,92.6,Stable,Low,Clear,Welding,Supervisor,813,5,2024,4,5,8,2,0,3,0,4.018147322,1,3,Intermediate,3,2,2.2,171,2,Major Rainy Season,4,3,1,1,42.64230288,Medium Risk
IN-09-08-2024-010,Newmont,Obuasi,8/9/2024,Day,Yes,1,Chemical,Medium,Process Plant,Lack of Risk Assessment,Equipment Failure,26793,Loader,85.6,Moderate Fracturing,Moderate,Clear,Equipment Operation,Mechanic,545,12,2024,4,4,8,4,0,3,1,0.715663455,1,2,Basic,4,2,2.45,171,2,Major Rainy Season,2,3,1,1,32.7685819,Medium Risk
IN-16-08-2024-010,Gold Fields,Ahafo,8/16/2024,Day,Yes,1,Fire,Medium,Process Plant,Environmental Conditions,Environmental Condition,12704,Excavator,85.5,Moderate Fracturing,Low,Clear,Lifting,Mechanic,942,7,2024,3,3,8,4,0,3,1,6.543411941,1,3,Basic,4,2,2.05,171,7,Major Rainy Season,4,3,1,1,42.1986302,Medium Risk
IN-25-08-2024-010,Gold Fields,Obuasi,8/25/2024,Night,No,0,Vehicle,High Potential,Process Plant,Unsafe Driving,Equipment Failure,17218,Truck,97.1,Highly Fractured,Moderate,Rain,Equipment Operation,Operator,239,33,2024,2,4,8,6,1,3,2,7.410598051,4,2,Intermediate,3,4,2.75,171,9,Major Rainy Season,2,4,1,3,76.07836354,Critical Risk
IN-26-08-2024-010,Gold Fields,Tarkwa,8/26/2024,Day,Yes,1,Electrical,Medium,Process Plant,Environmental Conditions,Environmental Condition,22976,Truck,75.5,Stable,Low,Clear,Welding,Driver,737,2,2024,1,5,8,0,0,3,1,7.105355774,1,3,Intermediate,3,2,1.8,171,1,Major Rainy Season,2,3,1,1,38.98048306,Medium Risk
IN-26-09-2024-010,Newmont,Obuasi,9/26/2024,Night,No,0,Fall of Ground,Medium,Process Plant,Unsafe Driving,Human Behaviour,40533,Loader,88.5,Highly Fractured,Low,Clear,Driving,Driver,226,14,2024,1,2,9,3,0,3,1,3.989275772,1,2,Intermediate,3,4,1.55,171,31,Transition Season,2,2,1,1,24.74405224,Low Risk
IN-27-09-2024-010,Newmont,Obuasi,9/27/2024,Day,Yes,1,Vehicle,High Potential,Process Plant,Poor Maintenance,Human Behaviour,33539,Excavator,91.4,Stable,Low,Rain,Equipment Operation,Welder,728,9,2024,2,4,9,4,0,3,2,2.055855106,4,4,Intermediate,3,2,2.55,171,1,Transition Season,4,3,1,3,78.95639037,Critical Risk
IN-04-10-2024-010,Newmont,Tarkwa,10/4/2024,Day,Yes,1,Vehicle,Medium,Process Plant,Unsafe Driving,Environmental Condition,21442,,93.1,Stable,High,Clear,Equipment Operation,Supervisor,1084,41,2024,2,4,10,4,0,4,1,11.18158601,1,2,Intermediate,3,2,1.9,171,7,Transition Season,2,3,1,1,32.7685819,Medium Risk
IN-14-10-2024-010,Gold Fields,Tarkwa,10/14/2024,Day,Yes,1,Fire,Medium,Process Plant,Human Error,Training Deficiency,36984,Excavator,83.2,Moderate Fracturing,Moderate,Rain,Maintenance,Operator,585,13,2024,3,4,10,0,0,4,1,3.857516261,4,5,Advanced,2,2,2.4,171,10,Transition Season,4,3,1,1,57.06391698,High Risk
IN-18-10-2024-010,AngloGold Ashanti,Ahafo,10/18/2024,Day,Yes,1,Vehicle,Medium,Process Plant,Human Error,Training Deficiency,44091,Crusher,81.3,Stable,Low,Rain,Welding,Supervisor,1156,32,2024,2,5,10,4,0,4,1,3.871745861,4,4,Intermediate,3,2,2.35,171,4,Transition Season,2,3,1,1,47.63386869,Medium Risk
IN-23-11-2024-010,AngloGold Ashanti,Tarkwa,11/23/2024,Night,Yes,1,Fire,High Potential,Process Plant,Unsafe Driving,Environmental Condition,29514,,66.1,Stable,Low,Clear,Equipment Operation,Welder,774,28,2024,3,4,11,5,1,4,2,1.478371946,1,3,Intermediate,3,4,2.7,171,36,Transition Season,2,4,1,1,57.51263414,High Risk
IN-02-12-2024-010,AngloGold Ashanti,Ahafo,12/2/2024,Night,Yes,1,Equipment,Medium,Process Plant,Human Error,Equipment Failure,44023,,95.5,Stable,Low,Rain,Maintenance,Mechanic,217,36,2024,1,4,12,0,0,4,1,0.552456376,4,3,Advanced,2,4,2.1,171,9,Dry Season,2,4,1,1,54.18589015,High Risk
IN-05-12-2024-010,Newmont,Ahafo,12/5/2024,Day,No,0,Fire,High Potential,Process Plant,Environmental Conditions,Equipment Failure,16548,Crusher,72.5,Moderate Fracturing,Low,Rain,Maintenance,Mechanic,257,15,2024,3,4,12,3,0,4,2,2.727261012,4,2,Intermediate,3,2,2.8,171,3,Dry Season,2,3,1,1,53.40209716,High Risk
IN-15-12-2024-010,Gold Fields,Damang,12/15/2024,Day,Yes,1,Electrical,Low,Process Plant,Unsafe Driving,Environmental Condition,43921,Loader,78.8,Moderate Fracturing,Low,Clear,Equipment Operation,Driver,562,40,2024,1,4,12,6,1,4,0,4.053683727,1,2,Basic,4,2,1.35,171,10,Dry Season,2,3,1,1,20.78845228,Low Risk
IN-18-12-2024-010,AngloGold Ashanti,Tarkwa,12/18/2024,Day,No,0,Vehicle,Low,Process Plant,Unsafe Driving,Procedural Failure,37309,Truck,76.5,Moderate Fracturing,Low,Clear,Maintenance,Mechanic,391,20,2024,2,4,12,2,0,4,0,7.179064583,1,4,Intermediate,3,2,1.55,171,3,Dry Season,2,3,1,1,20.78845228,Low Risk
IN-07-01-2025-010,AngloGold Ashanti,Obuasi,1/7/2025,Night,No,0,Fall of Ground,Medium,Process Plant,Lack of Risk Assessment,Environmental Condition,11506,,93.7,Highly Fractured,Low,Rain,Maintenance,Welder,354,3,2025,1,4,1,1,0,1,1,0.036638665,4,3,Intermediate,3,4,2.15,171,20,Dry Season,2,4,1,1,54.18589015,High Risk
IN-25-01-2025-010,AngloGold Ashanti,Ahafo,1/25/2025,Day,No,0,Chemical,Medium,Process Plant,Unsafe Driving,Procedural Failure,36139,Loader,68.8,Stable,Low,Clear,Driving,Welder,611,31,2025,4,2,1,5,1,1,1,25.61634461,1,2,Intermediate,3,2,2.1,171,18,Dry Season,2,1,1,1,11.98012963,Low Risk
IN-17-02-2025-010,Newmont,Tarkwa,2/17/2025,Day,Yes,1,Fall of Ground,Medium,Process Plant,Lack of Risk Assessment,Procedural Failure,8743,,77.8,Stable,Moderate,Clear,Maintenance,Operator,1181,29,2025,1,4,2,0,0,1,1,1.863208954,1,2,Intermediate,3,2,1.65,171,23,Dry Season,2,3,1,1,32.7685819,Medium Risk
IN-12-03-2025-010,Newmont,Ahafo,3/12/2025,Night,Yes,1,Electrical,Critical Potential,Process Plant,Lack of Risk Assessment,Equipment Failure,28289,Truck,90.7,Stable,Low,Clear,Welding,Mechanic,719,8,2025,1,5,3,2,0,1,3,7.00714042,1,5,Advanced,2,4,2.65,171,23,Minor Rainy Season,2,4,1,1,75.70466492,Critical Risk
IN-19-03-2025-010,AngloGold Ashanti,Damang,3/19/2025,Day,No,0,Fire,Medium,Process Plant,Design / Layout Deficiency,Human Behaviour,26148,,74.1,Stable,Low,Clear,Equipment Operation,Supervisor,772,30,2025,3,4,3,2,0,1,1,6.830299897,1,3,Intermediate,3,2,2.15,171,7,Minor Rainy Season,2,3,1,1,32.7685819,Medium Risk
IN-24-04-2025-010,AngloGold Ashanti,Ahafo,4/24/2025,Night,Yes,1,Fire,Low,Process Plant,Unsafe Driving,Procedural Failure,26387,,97.2,Stable,Low,Clear,Lifting,Welder,1045,5,2025,3,3,4,3,0,2,0,3.415712306,1,5,Basic,4,4,1.9,171,36,Minor Rainy Season,2,4,1,1,27.34047374,Low Risk
IN-25-04-2025-010,Newmont,Ahafo,4/25/2025,Day,Yes,1,Chemical,Medium,Process Plant,Unsafe Driving,Equipment Failure,25681,Loader,85.6,Moderate Fracturing,Low,Extreme Heat,Driving,Mechanic,985,43,2025,4,2,4,4,0,2,1,4.628836338,4,2,Basic,4,2,2.45,171,1,Minor Rainy Season,2,1,1,3,30.54585902,Medium Risk
IN-02-05-2025-010,Newmont,Ahafo,5/2/2025,Day,No,0,Fire,Medium,Process Plant,Poor Maintenance,Environmental Condition,37920,,92.1,Highly Fractured,Moderate,Fog,Lifting,Supervisor,1158,1,2025,3,3,5,4,0,2,1,9.32946039,2,4,Basic,4,2,2.15,171,7,Minor Rainy Season,2,3,1,1,29.44114263,Low Risk
IN-04-05-2025-010,Gold Fields,Damang,5/4/2025,Day,Yes,1,Fire,Medium,Process Plant,Poor Maintenance,Equipment Failure,15223,Excavator,93.2,Stable,Moderate,Clear,Driving,Supervisor,308,11,2025,3,2,5,6,1,2,1,3.899517522,1,2,Basic,4,2,1.9,171,2,Minor Rainy Season,4,1,1,1,27.62207907,Low Risk
IN-15-05-2025-010,Newmont,Obuasi,5/15/2025,Day,No,0,Vehicle,High Potential,Process Plant,Unsafe Driving,Procedural Failure,11499,Crusher,87.5,Stable,Moderate,High Dust,Driving,Operator,659,38,2025,2,2,5,3,0,2,2,3.079106244,,2,Basic,4,2,,171,11,Minor Rainy Season,2,1,1,3,30.98814114,Medium Risk
IN-08-06-2025-010,Newmont,Obuasi,6/8/2025,Day,Yes,1,Fire,Critical Potential,Process Plant,Human Error,Environmental Condition,11123,Loader,83.6,Highly Fractured,Low,Clear,Driving,Driver,268,21,2025,3,2,6,6,1,2,3,4.449573046,1,3,Basic,4,2,2.6,171,24,Major Rainy Season,2,1,1,1,35.94038888,Medium Risk
IN-11-07-2025-010,AngloGold Ashanti,Obuasi,7/11/2025,Day,Yes,1,Equipment,Medium,Process Plant,Inadequate Supervision,Procedural Failure,22504,Truck,67.5,Highly Fractured,Low,Rain,Lifting,Driver,854,23,2025,1,3,7,4,0,3,1,4.777818489,4,5,Basic,4,2,1.85,171,33,Major Rainy Season,2,3,1,1,35.21006638,Medium Risk
IN-20-07-2025-010,Gold Fields,Tarkwa,7/20/2025,Day,Yes,1,Electrical,Medium,Process Plant,Inadequate Supervision,Environmental Condition,27310,,94.7,Moderate Fracturing,Moderate,Rain,Lifting,Driver,567,0,2025,1,3,7,6,1,3,1,3.538338021,4,3,Basic,4,2,1.85,171,9,Major Rainy Season,2,3,1,1,35.21006638,Medium Risk
IN-21-07-2025-010,Gold Fields,Ahafo,7/21/2025,Day,Yes,1,Chemical,Low,Process Plant,Human Error,Procedural Failure,7402,,79.7,Highly Fractured,Moderate,Clear,Lifting,Driver,1031,22,2025,4,3,7,0,0,3,0,5.499874281,1,4,Basic,4,2,1.95,171,1,Major Rainy Season,2,3,1,1,14.57655113,Low Risk
IN-01-08-2025-010,AngloGold Ashanti,Obuasi,8/1/2025,Day,Yes,1,Fall of Ground,Medium,Process Plant,Lack of Risk Assessment,Training Deficiency,25195,Truck,71.5,Moderate Fracturing,High,Clear,Maintenance,Mechanic,777,6,2025,1,4,8,4,0,3,1,3.602774425,1,2,Intermediate,3,2,1.65,171,11,Major Rainy Season,2,3,1,1,32.7685819,Medium Risk
IN-06-08-2025-010,Gold Fields,Obuasi,8/6/2025,Day,No,0,Fire,Critical Potential,Process Plant,Poor Maintenance,Procedural Failure,44695,Crusher,96.9,Stable,Low,Clear,Welding,Driver,955,13,2025,3,5,8,2,0,3,3,2.724014261,1,2,Intermediate,3,2,3,171,5,Major Rainy Season,2,3,1,1,62.94074231,High Risk
IN-22-08-2025-010,AngloGold Ashanti,Damang,8/22/2025,Day,Yes,1,Equipment,Medium,Process Plant,Inadequate Supervision,Human Behaviour,28999,,82.7,Moderate Fracturing,Low,Rain,Welding,Operator,677,14,2025,1,5,8,4,0,3,1,3.497374002,4,2,Intermediate,3,2,2.1,171,16,Major Rainy Season,2,3,1,1,47.63386869,Medium Risk
IN-13-09-2025-010,Gold Fields,Obuasi,9/13/2025,Night,Yes,1,Vehicle,Medium,Process Plant,Human Error,Equipment Failure,6112,Loader,79.8,Moderate Fracturing,Low,Clear,Driving,Mechanic,505,1,2025,2,2,9,5,1,3,1,13.17677848,1,5,Intermediate,3,4,1.8,171,22,Transition Season,2,2,1,1,24.74405224,Low Risk
IN-13-09-2025-010,Newmont,Tarkwa,9/13/2025,Night,Yes,1,Vehicle,Medium,Process Plant,Unsafe Driving,Human Behaviour,21024,Crusher,87.6,Moderate Fracturing,Low,Rain,Equipment Operation,Operator,525,24,2025,2,4,9,5,1,3,1,2.900920763,4,4,Intermediate,3,4,2.4,171,0,Transition Season,2,4,1,3,64.09823391,High Risk
IN-05-10-2025-010,AngloGold Ashanti,Ahafo,10/5/2025,Night,No,0,Chemical,Low,Process Plant,Unsafe Driving,Human Behaviour,5178,Excavator,71.8,Moderate Fracturing,Low,High Dust,Maintenance,Mechanic,1129,44,2025,4,4,10,6,1,4,0,1.503212737,,3,Intermediate,3,4,,171,22,Transition Season,4,4,1,3,56.22220623,High Risk
IN-07-10-2025-010,Newmont,Tarkwa,10/7/2025,Day,No,0,Fall of Ground,High Potential,Process Plant,Unsafe Driving,Equipment Failure,37276,Crusher,93,Highly Fractured,Moderate,Clear,Welding,Supervisor,338,35,2025,1,5,10,1,0,4,2,11.30054504,1,4,Advanced,2,2,2.1,171,2,Transition Season,2,3,1,1,50.96061268,High Risk
IN-19-10-2025-010,Gold Fields,Damang,10/19/2025,Night,No,0,Fall of Ground,Critical Potential,Process Plant,Unsafe Driving,Environmental Condition,21249,Crusher,74.3,Highly Fractured,Low,High Dust,Lifting,Driver,803,40,2025,1,3,10,6,1,4,3,3.598819427,,3,Basic,4,4,,171,12,Transition Season,2,4,1,3,70.3087445,Critical Risk
IN-24-10-2025-010,Gold Fields,Ahafo,10/24/2025,Day,Yes,1,Fire,Medium,Process Plant,Environmental Conditions,Procedural Failure,31578,Crusher,66.1,Moderate Fracturing,Low,Clear,Welding,Operator,563,18,2025,3,5,10,4,0,4,1,6.011535651,1,5,Intermediate,3,2,2.3,171,5,Transition Season,2,3,1,1,38.98048306,Medium Risk
IN-10-11-2025-010,Gold Fields,Tarkwa,11/10/2025,Day,Yes,1,Equipment,Low,Process Plant,Lack of Risk Assessment,Environmental Condition,32424,Excavator,81.8,Highly Fractured,Moderate,Rain,Welding,Operator,319,6,2025,1,5,11,0,0,4,0,24.68157011,4,3,Advanced,2,2,1.7,171,17,Transition Season,4,3,1,1,51.29568851,High Risk
IN-10-11-2025-010,Gold Fields,Ahafo,11/10/2025,Day,Yes,1,Electrical,Medium,Process Plant,Human Error,Equipment Failure,38158,Truck,68.4,Highly Fractured,Low,Clear,Lifting,Supervisor,582,32,2025,1,3,11,0,0,4,1,5.195007782,1,5,Basic,4,2,1.55,171,0,Transition Season,2,3,1,1,26.55668075,Low Risk
IN-13-11-2025-010,Gold Fields,Damang,11/13/2025,Night,Yes,1,Equipment,Low,Process Plant,Inadequate Supervision,Human Behaviour,39603,Loader,85,Moderate Fracturing,Moderate,Clear,Driving,Mechanic,1115,18,2025,1,2,11,3,0,4,0,3.272165854,1,2,Basic,4,4,1.25,171,3,Transition Season,2,2,1,1,12.76392262,Low Risk
IN-12-12-2025-010,Gold Fields,Obuasi,12/12/2025,Night,Yes,1,Chemical,Medium,Process Plant,Lack of Risk Assessment,Equipment Failure,44791,Loader,82.6,Highly Fractured,Low,Rain,Equipment Operation,Mechanic,1085,16,2025,4,4,12,4,0,4,1,8.109890463,4,2,Basic,4,4,2.95,171,29,Dry Season,2,4,1,3,64.09823391,High Risk
IN-13-12-2025-010,Gold Fields,Obuasi,12/13/2025,Night,Yes,1,Equipment,Medium,Process Plant,Unsafe Driving,Environmental Condition,36368,,83.6,Moderate Fracturing,Low,Rain,Equipment Operation,Welder,730,15,2025,1,4,12,5,1,4,1,0.453222987,4,4,Intermediate,3,4,2.15,171,1,Dry Season,2,4,1,3,64.09823391,High Risk
IN-15-12-2025-010,Newmont,Tarkwa,12/15/2025,Day,Yes,1,Equipment,Medium,Process Plant,Design / Layout Deficiency,Equipment Failure,31379,Crusher,93.9,Moderate Fracturing,Low,Fog,Driving,Welder,945,15,2025,1,2,12,0,0,4,1,5.220493171,2,2,Intermediate,3,2,1.45,171,2,Dry Season,2,1,1,1,14.8645915,Low Risk
IN-22-12-2025-010,AngloGold Ashanti,Obuasi,12/22/2025,Day,Yes,1,Equipment,Critical Potential,Process Plant,Unsafe Driving,Equipment Failure,39980,Loader,76.5,Stable,High,High Dust,Maintenance,Mechanic,239,33,2025,1,4,12,0,0,4,3,7.526499276,,2,Intermediate,3,2,,171,7,Dry Season,2,3,1,3,63.75672304,High Risk
IN-05-06-2020-010,Noble Gold Bibiani Ltd,Bibiani Mine,6/5/2020,Day,Yes,1,Other,Low,Road / Transport,Human Error / Fatigue,Design Flaw,6235.406944,Vehicle,98.45080416,Moderate,Low,Clear,Driving,Driver,388,32.56566002,2020,1,2,6,4,0,2,0,3.364196935,1,5,Intermediate,3,2,1,12,999,Major Rainy Season,3,1,1,1,7.820974723,Low Risk
IN-07-06-2020-010,Noble Gold Bibiani Ltd,Bibiani Mine,6/7/2020,Day,Yes,1,Personal Injury,Critical Potential,Road / Transport,Unsafe Driving / Speed,System Failure,4385.210483,Vehicle,89.27002792,Moderate,Low,Clear,Equipment Operation,Equipment Operator,312,3.309727219,2020,1,4,6,6,1,2,3,3.979315992,1,2,Intermediate,3,2,2.35,12,2,Major Rainy Season,3,3,1,1,64.54981588,High Risk
IN-10-06-2020-010,Noble Gold Bibiani Ltd,Bibiani Mine,6/10/2020,Day,Yes,1,Near Miss,Low,Road / Transport,Human Error / Fatigue,System Failure,5772.557376,Vehicle,71.78328241,Moderate,Low,Clear,Driving,Unknown,322,50,2020,1,2,6,2,0,2,0,5.403447562,1,2,Basic,4,2,1.05,12,3,Major Rainy Season,3,1,1,1,7.820974723,Low Risk
IN-19-06-2020-010,Noble Gold Bibiani Ltd,Bibiani Mine,6/19/2020,Unknown,Yes,1,Personal Injury,Critical Potential,Road / Transport,Human Error / Fatigue,System Failure,2597.150565,Grinding Machine,100,Moderate,Low,Clear,Driving,Welder,400,16.52839986,2020,1,2,6,4,0,2,3,11.44133197,1,5,Basic,4,3,2.2,12,9,Major Rainy Season,3,1,1,1,48.05216241,Medium Risk
IN-10-07-2020-010,Noble Gold Bibiani Ltd,Bibiani Mine,7/10/2020,Night,Yes,1,Vehicle Incident,Low,Road / Transport,Human Error / Fatigue,System Failure,3338.016449,Vehicle,66.83105209,Moderate,Low,High Winds,Driving,Driver,341,9.360316693,2020,2,2,7,4,0,3,0,4.492839515,3,3,Basic,4,4,1.7,12,21,Major Rainy Season,3,2,1,1,26.35382109,Low Risk
IN-15-07-2020-010,Noble Gold Bibiani Ltd,Bibiani Mine,7/15/2020,Day,Yes,1,Vehicle Incident,High Potential,Road / Transport,Poor Ground / Weather Conditions,Design Flaw,5367.678813,Vehicle,70.83439178,Moderate,Low,Wet / Slippery Conditions,Unknown,Unknown,435,2.266017011,2020,2,3,7,2,0,3,2,5.715159231,,5,Basic,4,2,,12,5,Major Rainy Season,3,1,1,1,35.10867325,Medium Risk
IN-16-07-2020-010,Noble Gold Bibiani Ltd,Bibiani Mine,7/16/2020,Night,Yes,1,Vehicle Incident,High Potential,Road / Transport,Poor Ground / Weather Conditions,Design Flaw,7166.429929,Vehicle,82.24679304,Moderate,Low,Rain,Equipment Operation,Equipment Operator,377,9.49313417,2020,2,4,7,3,0,3,2,1.047414507,4,2,Intermediate,3,4,2.75,12,1,Major Rainy Season,3,4,1,3,83.89933826,Critical Risk
IN-19-07-2020-010,Noble Gold Bibiani Ltd,Bibiani Mine,7/19/2020,Day,Yes,1,Vehicle Incident,High Potential,Road / Transport,Human Error / Fatigue,Supervisory Failure,5829.596881,Vehicle,87.57779263,Moderate,Low,High Winds,Unknown,Unknown,378,26.97256025,2020,2,3,7,6,1,3,2,17.10629273,3,5,Basic,4,2,2.35,12,3,Major Rainy Season,3,1,1,1,43.76205888,Medium Risk
IN-08-08-2020-010,Noble Gold Bibiani Ltd,Bibiani Mine,8/8/2020,Day,Yes,1,Vehicle Incident,Low,Road / Transport,Human Error / Fatigue,Human Error,5463.2093,Vehicle,87.40614522,Moderate,Low,Clear,Unknown,Unknown,360,17.03042868,2020,2,3,8,5,1,3,0,2.915288314,1,2,Basic,4,2,1.45,12,20,Major Rainy Season,3,1,1,1,14.03287588,Low Risk
IN-12-08-2020-010,Noble Gold Bibiani Ltd,Bibiani Mine,8/12/2020,Night,Yes,1,Vehicle Incident,Critical Potential,Road / Transport,Unsafe Driving / Speed,Inadequate Training,4355.431249,Vehicle,74.35862216,Moderate,Low,Clear,Driving,Driver,315,40.53394984,2020,2,2,8,2,0,3,3,1.331721455,1,2,Intermediate,3,4,2.5,12,4,Major Rainy Season,3,2,1,1,56.52528621,High Risk
IN-15-08-2020-010,Noble Gold Bibiani Ltd,Bibiani Mine,8/15/2020,Day,Yes,1,Fire,Critical Potential,Road / Transport,Poor Maintenance / Equipment Failure,Maintenance Issue,6077.148248,Vehicle,79.77666005,Moderate,Low,Clear,Unknown,Unknown,300,1.364566924,2020,3,3,8,5,1,3,3,1.681678067,1,4,Basic,4,2,2.75,12,3,Major Rainy Season,3,1,1,1,49.97326475,Medium Risk
IN-26-08-2020-010,Noble Gold Bibiani Ltd,Bibiani Mine,8/26/2020,Unknown,Yes,1,Near Miss,Low,Road / Transport,Human Error / Fatigue,Human Error,4609.70114,Vehicle,79.71937735,Moderate,Low,Clear,Driving,Driver,455,7.149775487,2020,1,2,8,2,0,3,0,0.594358012,1,5,Intermediate,3,3,1.1,12,11,Major Rainy Season,3,1,1,1,12.11177354,Low Risk
IN-06-04-2021-010,Gold Fields,Ahafo,4/6/2021,Day,Yes,1,Equipment,Critical Potential,Road/Transport,Unsafe Driving,Equipment Failure,9090,Truck,69.5,Moderate Fracturing,Moderate,Clear,Lifting,Mechanic,975,36,2021,1,3,4,1,0,2,3,3.954889848,1,3,Basic,4,2,2.25,159,999,Minor Rainy Season,2,3,1,1,50.51694,High Risk
IN-07-04-2021-010,AngloGold Ashanti,Obuasi,4/7/2021,Day,Yes,1,Chemical,Medium,Road/Transport,Unsafe Driving,Training Deficiency,16372,Loader,74,Highly Fractured,Moderate,Clear,Maintenance,Welder,240,8,2021,4,4,4,2,0,2,1,0.729216156,1,2,Intermediate,3,2,2.4,159,1,Minor Rainy Season,2,3,1,1,32.7685819,Medium Risk
IN-02-05-2021-010,Newmont,Obuasi,5/2/2021,Day,No,0,Equipment,Medium,Road/Transport,Human Error,Human Behaviour,22602,Truck,93.1,Moderate Fracturing,Moderate,Rain,Welding,Mechanic,1154,24,2021,1,5,5,6,1,2,1,3.600380927,4,3,Advanced,2,2,2.05,159,25,Minor Rainy Season,2,3,1,1,47.63386869,Medium Risk
IN-06-05-2021-010,Newmont,Damang,5/6/2021,Night,No,0,Fall of Ground,Low,Road/Transport,Lack of Risk Assessment,Equipment Failure,30064,,87.1,Moderate Fracturing,Low,Extreme Heat,Maintenance,Supervisor,285,22,2021,1,4,5,3,0,2,0,9.074436757,4,3,Intermediate,3,4,1.8,159,4,Minor Rainy Season,2,4,1,3,52.11810429,High Risk
IN-07-05-2021-010,Newmont,Tarkwa,5/7/2021,Day,Yes,1,Fall of Ground,High Potential,Road/Transport,Unsafe Driving,Human Behaviour,10084,Crusher,70.7,Moderate Fracturing,High,Clear,Lifting,Driver,1105,34,2021,1,3,5,4,0,2,2,0.77228759,1,2,Intermediate,3,2,1.85,159,1,Minor Rainy Season,2,3,1,1,38.53681038,Medium Risk
IN-14-05-2021-010,Newmont,Ahafo,5/14/2021,Night,Yes,1,Electrical,High Potential,Road/Transport,Poor Maintenance,Equipment Failure,26730,Crusher,90,Highly Fractured,Low,Fog,Equipment Operation,Mechanic,769,25,2021,1,4,5,4,0,2,2,1.303775884,2,3,Intermediate,3,4,2.3,159,7,Minor Rainy Season,2,4,1,1,60.39709602,High Risk
IN-15-05-2021-010,AngloGold Ashanti,Ahafo,5/15/2021,Day,No,0,Vehicle,Medium,Road/Transport,Lack of Risk Assessment,Training Deficiency,35448,,73.6,Highly Fractured,Moderate,Rain,Equipment Operation,Mechanic,1197,5,2021,2,4,5,5,1,2,1,6.071291999,4,3,Intermediate,3,2,2.2,159,1,Minor Rainy Season,2,3,1,3,51.3343113,High Risk
IN-16-05-2021-010,Gold Fields,Obuasi,5/16/2021,Day,Yes,1,Chemical,Critical Potential,Road/Transport,Environmental Conditions,Human Behaviour,25420,,93.1,Stable,Low,Rain,Maintenance,Mechanic,767,14,2021,4,4,5,6,1,2,3,10.76001415,4,4,Advanced,2,2,3.35,159,1,Minor Rainy Season,2,3,1,1,65.38222679,High Risk
IN-16-06-2021-010,Gold Fields,Tarkwa,6/16/2021,Day,Yes,1,Chemical,Medium,Road/Transport,Human Error,Equipment Failure,44338,,92.1,Highly Fractured,Low,Rain,Lifting,Driver,1003,36,2021,4,3,6,2,0,2,1,8.201492863,4,4,Basic,4,2,2.6,159,31,Major Rainy Season,2,3,1,1,35.21006638,Medium Risk
IN-20-06-2021-010,Newmont,Damang,6/20/2021,Day,No,0,Equipment,Medium,Road/Transport,Unsafe Driving,Environmental Condition,16653,Loader,90.9,Highly Fractured,Moderate,Clear,Maintenance,Mechanic,1177,40,2021,1,4,6,6,1,2,1,0.011365447,1,2,Intermediate,3,2,1.65,159,4,Major Rainy Season,2,3,1,1,32.7685819,Medium Risk
IN-22-06-2021-010,AngloGold Ashanti,Obuasi,6/22/2021,Day,No,0,Chemical,Critical Potential,Road/Transport,Inadequate Supervision,Human Behaviour,33211,Excavator,95.7,Highly Fractured,Low,Clear,Maintenance,Operator,1144,14,2021,4,4,6,1,0,2,3,3.871284495,1,4,Intermediate,3,2,3.1,159,2,Major Rainy Season,4,3,1,1,72.3707906,Critical Risk
IN-24-06-2021-010,Gold Fields,Tarkwa,6/24/2021,Day,Yes,1,Fall of Ground,High Potential,Road/Transport,Human Error,Human Behaviour,17595,Loader,71.7,Highly Fractured,Low,Clear,Welding,Supervisor,694,28,2021,1,5,6,3,0,2,2,11.32820262,1,4,Intermediate,3,2,2.15,159,2,Major Rainy Season,2,3,1,1,50.96061268,High Risk
IN-02-07-2021-010,Gold Fields,Damang,7/2/2021,Day,Yes,1,Equipment,Medium,Road/Transport,Unsafe Driving,Environmental Condition,35137,Crusher,96.7,Stable,Moderate,Clear,Maintenance,Driver,254,5,2021,1,4,7,4,0,3,1,2.248469636,1,5,Intermediate,3,2,1.65,159,8,Major Rainy Season,2,3,1,1,32.7685819,Medium Risk
IN-09-07-2021-010,Gold Fields,Ahafo,7/9/2021,Night,No,0,Electrical,Low,Road/Transport,Human Error,Training Deficiency,10051,,67.3,Stable,Low,Rain,Equipment Operation,Welder,580,8,2021,1,4,7,4,0,3,0,19.4402596,4,4,Intermediate,3,4,1.8,159,7,Major Rainy Season,2,4,1,3,52.11810429,High Risk
IN-13-07-2021-010,Gold Fields,Damang,7/13/2021,Day,No,0,Equipment,Critical Potential,Road/Transport,Inadequate Supervision,Environmental Condition,23752,Truck,87.2,Moderate Fracturing,Low,Rain,Driving,Supervisor,983,16,2021,1,2,7,1,0,3,3,5.304354195,4,3,Intermediate,3,2,2.35,159,4,Major Rainy Season,2,1,1,3,54.50611827,High Risk
IN-23-07-2021-010,Newmont,Obuasi,7/23/2021,Day,No,0,Vehicle,Medium,Road/Transport,Poor Maintenance,Training Deficiency,34344,,68.2,Stable,Moderate,Rain,Equipment Operation,Operator,1168,17,2021,2,4,7,4,0,3,1,3.368239413,4,5,Basic,4,2,2.25,159,10,Major Rainy Season,2,3,1,3,51.3343113,High Risk
IN-01-08-2021-010,Newmont,Tarkwa,8/1/2021,Night,No,0,Fire,Low,Road/Transport,Human Error,Environmental Condition,42051,Truck,89.8,Stable,High,Clear,Lifting,Operator,613,38,2021,3,3,8,6,1,3,0,0.901143112,1,2,Basic,4,4,1.9,159,9,Major Rainy Season,2,4,1,1,27.34047374,Low Risk
IN-09-08-2021-010,Gold Fields,Ahafo,8/9/2021,Day,No,0,Vehicle,High Potential,Road/Transport,Human Error,Training Deficiency,24033,Loader,66.2,Stable,Low,Rain,Welding,Driver,219,38,2021,2,5,8,0,0,3,2,0.07581155,4,3,Intermediate,3,2,2.7,159,8,Major Rainy Season,2,3,1,1,59.61399831,High Risk
IN-19-08-2021-010,Newmont,Damang,8/19/2021,Night,Yes,1,Fire,Critical Potential,Road/Transport,Design / Layout Deficiency,Environmental Condition,23313,Excavator,69.5,Moderate Fracturing,Low,Rain,Welding,Operator,237,30,2021,3,5,8,3,0,3,3,1.874426667,4,4,Intermediate,3,4,3.5,159,10,Major Rainy Season,4,4,1,1,100,Critical Risk
IN-26-08-2021-010,Gold Fields,Tarkwa,8/26/2021,Day,No,0,Chemical,Medium,Road/Transport,Poor Maintenance,Procedural Failure,22630,Truck,97.2,Highly Fractured,Low,Clear,Lifting,Driver,368,6,2021,4,3,8,3,0,3,1,3.727255182,1,2,Intermediate,3,2,2.25,159,7,Major Rainy Season,2,3,1,1,26.55668075,Low Risk
IN-15-09-2021-010,AngloGold Ashanti,Tarkwa,9/15/2021,Night,No,0,Fall of Ground,Medium,Road/Transport,Design / Layout Deficiency,Environmental Condition,24909,Crusher,70.5,Highly Fractured,Low,High Dust,Equipment Operation,Driver,419,20,2021,1,4,9,2,0,3,1,0.791190966,,3,Basic,4,4,,159,20,Transition Season,2,4,1,3,52.5603864,High Risk
IN-27-09-2021-010,Gold Fields,Damang,9/27/2021,Night,No,0,Equipment,Low,Road/Transport,Poor Maintenance,Procedural Failure,31515,Loader,71.9,Moderate Fracturing,Moderate,Clear,Welding,Driver,571,30,2021,1,5,9,0,0,3,0,13.82062264,1,4,Intermediate,3,4,1.65,159,12,Transition Season,2,4,1,1,39.76427605,Medium Risk
IN-08-10-2021-010,Gold Fields,Damang,10/8/2021,Night,No,0,Electrical,Critical Potential,Road/Transport,Human Error,Human Behaviour,8311,Truck,92.2,Highly Fractured,High,Rain,Driving,Mechanic,373,44,2021,1,2,10,4,0,4,3,10.23707229,4,4,Intermediate,3,4,2.55,159,11,Transition Season,2,2,1,3,67.27004089,High Risk
IN-14-10-2021-010,Gold Fields,Tarkwa,10/14/2021,Night,No,0,Electrical,Critical Potential,Road/Transport,Inadequate Supervision,Human Behaviour,12851,Truck,89.3,Stable,High,Rain,Driving,Operator,927,29,2021,1,2,10,3,0,4,3,2.748485975,4,2,Basic,4,4,2.6,159,6,Transition Season,2,2,1,3,67.27004089,High Risk
IN-18-10-2021-010,Gold Fields,Damang,10/18/2021,Day,Yes,1,Fire,Low,Road/Transport,Human Error,Training Deficiency,37402,Crusher,83.1,Stable,Low,Clear,Driving,Operator,1158,22,2021,3,2,10,0,0,4,0,2.05802831,1,5,Intermediate,3,2,1.5,159,4,Transition Season,2,1,1,1,0,Low Risk
IN-08-11-2021-010,AngloGold Ashanti,Damang,11/8/2021,Night,No,0,Fall of Ground,Medium,Road/Transport,Unsafe Driving,Environmental Condition,24604,Crusher,88.5,Moderate Fracturing,Low,Clear,Equipment Operation,Mechanic,724,44,2021,1,4,11,0,0,4,1,3.550212127,1,4,Intermediate,3,4,1.85,159,21,Transition Season,2,4,1,1,45.53250452,Medium Risk
IN-12-11-2021-010,AngloGold Ashanti,Ahafo,11/12/2021,Day,No,0,Equipment,Critical Potential,Road/Transport,Inadequate Supervision,Human Behaviour,25936,Excavator,92.4,Highly Fractured,Moderate,Clear,Equipment Operation,Welder,815,6,2021,1,4,11,4,0,4,3,7.344007538,1,2,Intermediate,3,2,2.35,159,4,Transition Season,4,3,1,1,72.3707906,Critical Risk
IN-12-12-2021-010,AngloGold Ashanti,Tarkwa,12/12/2021,Night,No,0,Equipment,Critical Potential,Road/Transport,Poor Maintenance,Training Deficiency,12812,,90.2,Highly Fractured,Low,Clear,Lifting,Supervisor,420,10,2021,1,3,12,6,1,4,3,0.748109839,1,5,Intermediate,3,4,2.4,159,30,Dry Season,2,4,1,1,63.28086262,High Risk
IN-13-12-2021-010,Newmont,Damang,12/13/2021,Night,No,0,Fire,Medium,Road/Transport,Unsafe Driving,Training Deficiency,26607,Truck,72.9,Moderate Fracturing,Moderate,Rain,Driving,Driver,770,28,2021,3,2,12,0,0,4,1,6.00772408,4,3,Intermediate,3,4,2.35,159,1,Dry Season,2,2,1,3,43.30978164,Medium Risk
IN-06-02-2022-010,Gold Fields,Ahafo,2/6/2022,Day,Yes,1,Equipment,Critical Potential,Road/Transport,Lack of Risk Assessment,Training Deficiency,25143,Truck,94.6,Highly Fractured,Low,Rain,Welding,Operator,457,0,2022,1,5,2,6,1,1,3,4.17620507,4,3,Advanced,2,2,2.75,159,55,Dry Season,2,3,1,1,71.59412794,Critical Risk
IN-13-02-2022-010,Newmont,Obuasi,2/13/2022,Day,No,0,Vehicle,Medium,Road/Transport,Unsafe Driving,Training Deficiency,29519,Crusher,76.7,Moderate Fracturing,Moderate,Clear,Maintenance,Driver,839,27,2022,2,4,2,6,1,1,1,3.322685722,1,3,Intermediate,3,2,1.9,159,7,Dry Season,2,3,1,1,32.7685819,Medium Risk
IN-21-02-2022-010,AngloGold Ashanti,Damang,2/21/2022,Night,No,0,Electrical,Medium,Road/Transport,Environmental Conditions,Training Deficiency,38998,Crusher,80.2,Highly Fractured,Low,Clear,Welding,Welder,403,0,2022,1,5,2,0,0,1,1,0.027463595,1,4,Intermediate,3,4,2,159,8,Dry Season,2,4,1,1,51.74440567,High Risk
IN-08-03-2022-010,AngloGold Ashanti,Damang,3/8/2022,Day,Yes,1,Equipment,Critical Potential,Road/Transport,Unsafe Driving,Training Deficiency,41902,Crusher,76.7,Stable,Low,Extreme Heat,Maintenance,Welder,422,36,2022,1,4,3,1,0,1,3,12.54120465,4,3,Intermediate,3,2,2.65,159,15,Minor Rainy Season,2,3,1,3,75.29457055,Critical Risk
IN-12-03-2022-010,Gold Fields,Obuasi,3/12/2022,Day,No,0,Fall of Ground,Low,Road/Transport,Environmental Conditions,Procedural Failure,24692,Truck,85.1,Highly Fractured,Low,Clear,Maintenance,Mechanic,338,8,2022,1,4,3,5,1,1,0,4.477415698,1,2,Intermediate,3,2,1.3,159,4,Minor Rainy Season,2,3,1,1,20.78845228,Low Risk
IN-13-04-2022-010,Gold Fields,Ahafo,4/13/2022,Day,No,0,Electrical,Critical Potential,Road/Transport,Poor Maintenance,Training Deficiency,34277,Truck,66,Moderate Fracturing,Low,Clear,Lifting,Driver,787,29,2022,1,3,4,2,0,2,3,4.990428077,1,3,Intermediate,3,2,2.2,159,32,Minor Rainy Season,2,3,1,1,50.51694,High Risk
IN-15-04-2022-010,Gold Fields,Obuasi,4/15/2022,Day,Yes,1,Fire,Low,Road/Transport,Unsafe Driving,Training Deficiency,36980,Truck,91.3,Moderate Fracturing,Low,Clear,Driving,Driver,533,22,2022,3,2,4,4,0,2,0,3.084046518,1,3,Basic,4,2,1.55,159,2,Minor Rainy Season,2,1,1,1,0,Low Risk
IN-02-05-2022-010,AngloGold Ashanti,Ahafo,5/2/2022,Night,Yes,1,Fall of Ground,High Potential,Road/Transport,Human Error,Environmental Condition,9873,Crusher,96.1,Stable,Moderate,Rain,Maintenance,Supervisor,445,41,2022,1,4,5,0,0,2,2,6.289063632,4,4,Intermediate,3,4,2.5,159,17,Minor Rainy Season,2,4,1,1,66.16601978,High Risk
IN-13-05-2022-010,Newmont,Damang,5/13/2022,Day,Yes,1,Chemical,Critical Potential,Road/Transport,Environmental Conditions,Procedural Failure,32564,Crusher,85.3,Moderate Fracturing,Low,Clear,Equipment Operation,Mechanic,1164,11,2022,4,4,5,4,0,2,3,14.68820122,1,4,Intermediate,3,2,3.1,159,11,Minor Rainy Season,2,3,1,1,56.72884115,High Risk
IN-17-05-2022-010,Newmont,Damang,5/17/2022,Night,Yes,1,Fire,Low,Road/Transport,Design / Layout Deficiency,Human Behaviour,28238,Loader,84.9,Highly Fractured,Low,Extreme Heat,Equipment Operation,Mechanic,692,25,2022,3,4,5,1,0,2,0,0.953111297,4,3,Intermediate,3,4,2.3,159,4,Minor Rainy Season,2,4,1,3,52.11810429,High Risk
IN-22-05-2022-010,Gold Fields,Ahafo,5/22/2022,Day,Yes,1,Electrical,Medium,Road/Transport,Inadequate Supervision,Equipment Failure,21709,Truck,77.7,Moderate Fracturing,Moderate,Clear,Driving,Driver,923,16,2022,1,2,5,6,1,2,1,9.344450699,1,4,Basic,4,2,1.4,159,5,Minor Rainy Season,2,1,1,1,11.98012963,Low Risk
IN-24-05-2022-010,AngloGold Ashanti,Obuasi,5/24/2022,Day,No,0,Electrical,Medium,Road/Transport,Design / Layout Deficiency,Environmental Condition,34301,,85.7,Stable,Low,Clear,Maintenance,Supervisor,379,16,2022,1,4,5,1,0,2,1,21.76779168,1,3,Advanced,2,2,1.6,159,2,Minor Rainy Season,2,3,1,1,32.7685819,Medium Risk
IN-11-06-2022-010,Newmont,Damang,6/11/2022,Day,Yes,1,Fall of Ground,Medium,Road/Transport,Human Error,Equipment Failure,23624,Loader,80.7,Stable,Low,Rain,Welding,Mechanic,872,38,2022,1,5,6,5,1,2,1,0.931920871,4,4,Intermediate,3,2,2.1,159,18,Major Rainy Season,2,3,1,1,47.63386869,Medium Risk
IN-12-06-2022-010,Gold Fields,Damang,6/12/2022,Day,No,0,Fire,Low,Road/Transport,Human Error,Equipment Failure,25469,Excavator,89.1,Stable,Moderate,Rain,Driving,Welder,251,34,2022,3,2,6,6,1,2,0,0.95763168,4,3,Intermediate,3,2,1.8,159,1,Major Rainy Season,4,1,1,3,34.20767884,Medium Risk
IN-16-06-2022-010,AngloGold Ashanti,Ahafo,6/16/2022,Day,Yes,1,Equipment,Medium,Road/Transport,Unsafe Driving,Human Behaviour,18840,Loader,80.5,Stable,Moderate,Clear,Equipment Operation,Operator,307,31,2022,1,4,6,3,0,2,1,0.857217711,1,4,Basic,4,2,1.7,159,4,Major Rainy Season,2,3,1,1,32.7685819,Medium Risk
IN-26-06-2022-010,Gold Fields,Tarkwa,6/26/2022,Day,Yes,1,Equipment,Medium,Road/Transport,Unsafe Driving,Procedural Failure,34793,,67.2,Moderate Fracturing,Moderate,Rain,Driving,Driver,284,32,2022,1,2,6,6,1,2,1,2.705843936,4,3,Intermediate,3,2,1.65,159,10,Major Rainy Season,2,1,1,3,30.54585902,Medium Risk
IN-21-07-2022-010,Gold Fields,Tarkwa,7/21/2022,Night,No,0,Chemical,Critical Potential,Road/Transport,Poor Maintenance,Procedural Failure,26042,Excavator,97.3,Highly Fractured,Low,Clear,Lifting,Welder,1059,10,2022,4,3,7,3,0,3,3,1.631094753,1,3,Intermediate,3,4,3.15,159,25,Major Rainy Season,4,4,1,1,78.92281206,Critical Risk
IN-03-08-2022-010,AngloGold Ashanti,Damang,8/3/2022,Night,No,0,Chemical,Medium,Road/Transport,Unsafe Driving,Human Behaviour,34086,Truck,75,Highly Fractured,Moderate,Clear,Maintenance,Mechanic,470,34,2022,4,4,8,2,0,3,1,0.420827528,1,2,Intermediate,3,4,2.6,159,13,Major Rainy Season,2,4,1,1,45.53250452,Medium Risk
IN-15-08-2022-010,Gold Fields,Ahafo,8/15/2022,Night,No,0,Fall of Ground,Critical Potential,Road/Transport,Design / Layout Deficiency,Procedural Failure,28308,Truck,66.9,Highly Fractured,Low,Clear,Maintenance,Operator,701,7,2022,1,4,8,0,0,3,3,0.931418587,1,3,Intermediate,3,4,2.55,159,12,Major Rainy Season,2,4,1,1,69.49276377,High Risk
IN-15-08-2022-010,AngloGold Ashanti,Tarkwa,8/15/2022,Night,Yes,1,Fall of Ground,Low,Road/Transport,Unsafe Driving,Human Behaviour,30142,Excavator,96.3,Stable,Low,Fog,Welding,Operator,746,22,2022,1,5,8,0,0,3,0,1.684566494,2,2,Intermediate,3,4,1.75,159,0,Major Rainy Season,4,4,1,1,58.29068737,High Risk
IN-16-08-2022-010,AngloGold Ashanti,Obuasi,8/16/2022,Day,Yes,1,Electrical,Medium,Road/Transport,Poor Maintenance,Procedural Failure,43591,Excavator,65.5,Highly Fractured,Moderate,Clear,Lifting,Operator,1013,0,2022,1,3,8,1,0,3,1,16.61618393,1,5,Basic,4,2,1.55,159,1,Major Rainy Season,4,3,1,1,42.1986302,Medium Risk
IN-19-08-2022-010,Gold Fields,Damang,8/19/2022,Day,Yes,1,Chemical,Low,Road/Transport,Environmental Conditions,Procedural Failure,6515,Excavator,92.9,Stable,Moderate,Rain,Equipment Operation,Driver,1184,18,2022,4,4,8,4,0,3,0,2.632732977,4,5,Intermediate,3,2,2.35,159,3,Major Rainy Season,4,3,1,3,54.99613112,High Risk
IN-02-09-2022-010,Newmont,Damang,9/2/2022,Night,No,0,Electrical,High Potential,Road/Transport,Human Error,Training Deficiency,32369,Truck,76.8,Stable,Moderate,Fog,Lifting,Operator,795,32,2022,1,3,9,4,0,3,2,0.394922615,2,2,Intermediate,3,4,2.15,159,14,Transition Season,2,4,1,1,54.18519487,High Risk
IN-03-09-2022-010,Newmont,Damang,9/3/2022,Day,No,0,Chemical,Medium,Road/Transport,Environmental Conditions,Environmental Condition,15358,Loader,66.7,Moderate Fracturing,Low,Rain,Equipment Operation,Driver,979,10,2022,4,4,9,5,1,3,1,5.486290543,4,4,Basic,4,2,2.75,159,1,Transition Season,2,3,1,3,51.3343113,High Risk
IN-04-09-2022-010,Newmont,Damang,9/4/2022,Day,No,0,Equipment,Medium,Road/Transport,Design / Layout Deficiency,Human Behaviour,29813,,94.6,Moderate Fracturing,Low,Fog,Welding,Mechanic,1199,2,2022,1,5,9,6,1,3,1,9.335678128,2,4,Advanced,2,2,1.85,159,1,Transition Season,2,3,1,1,41.86494493,Medium Risk
IN-15-10-2022-010,Gold Fields,Obuasi,10/15/2022,Day,No,0,Chemical,High Potential,Road/Transport,Human Error,Equipment Failure,36957,Truck,67.7,Stable,High,Clear,Lifting,Supervisor,1023,25,2022,4,3,10,5,1,4,2,0.652504224,1,3,Basic,4,2,2.65,159,41,Transition Season,2,3,1,1,38.53681038,Medium Risk
IN-18-10-2022-010,AngloGold Ashanti,Ahafo,10/18/2022,Night,No,0,Fire,Medium,Road/Transport,Human Error,Human Behaviour,32200,Crusher,72.5,Moderate Fracturing,High,Extreme Heat,Welding,Supervisor,436,12,2022,3,5,10,1,0,4,1,3.62385785,4,4,Intermediate,3,4,2.8,159,3,Transition Season,2,4,1,3,70.31013507,Critical Risk
IN-04-11-2022-010,Gold Fields,Tarkwa,11/4/2022,Day,Yes,1,Chemical,Medium,Road/Transport,Poor Maintenance,Procedural Failure,16559,,93.3,Moderate Fracturing,Low,Rain,Lifting,Driver,554,3,2022,4,3,11,4,0,4,1,2.663926704,4,2,Intermediate,3,2,2.55,159,17,Transition Season,2,3,1,1,35.21006638,Medium Risk
IN-10-11-2022-010,Newmont,Damang,11/10/2022,Day,Yes,1,Fall of Ground,Medium,Road/Transport,Unsafe Driving,Human Behaviour,19345,Loader,75.3,Moderate Fracturing,High,Clear,Driving,Mechanic,1169,1,2022,1,2,11,3,0,4,1,1.267726243,1,4,Basic,4,2,1.4,159,6,Transition Season,2,1,1,1,11.98012963,Low Risk
IN-11-12-2022-010,Newmont,Damang,12/11/2022,Night,Yes,1,Electrical,Critical Potential,Road/Transport,Poor Maintenance,Environmental Condition,31691,Crusher,72.8,Moderate Fracturing,Low,Rain,Maintenance,Supervisor,811,4,2022,1,4,12,6,1,4,3,1.858134237,4,4,Advanced,2,4,2.8,159,31,Dry Season,2,4,1,1,78.1461494,Critical Risk
IN-08-01-2023-010,AngloGold Ashanti,Damang,1/8/2023,Night,Yes,1,Fall of Ground,High Potential,Road/Transport,Design / Layout Deficiency,Training Deficiency,44795,Crusher,74.8,Moderate Fracturing,Moderate,Clear,Lifting,Driver,1199,19,2023,1,3,1,6,1,1,2,3.772425694,1,4,Basic,4,4,2.1,159,28,Dry Season,2,4,1,1,51.30073299,High Risk
IN-04-02-2023-010,AngloGold Ashanti,Obuasi,2/4/2023,Day,Yes,1,Fire,High Potential,Road/Transport,Human Error,Procedural Failure,27606,Truck,75.3,Stable,Moderate,Rain,Maintenance,Welder,626,37,2023,3,4,2,5,1,1,2,7.277522973,4,3,Intermediate,3,2,2.8,159,27,Dry Season,2,3,1,1,53.40209716,High Risk
IN-05-02-2023-010,Newmont,Damang,2/5/2023,Day,No,0,Fall of Ground,Medium,Road/Transport,Design / Layout Deficiency,Equipment Failure,14455,Crusher,86.5,Highly Fractured,Low,Rain,Maintenance,Operator,602,24,2023,1,4,2,6,1,1,1,14.04679945,4,4,Intermediate,3,2,1.95,159,1,Dry Season,2,3,1,1,41.42196754,Medium Risk
IN-11-02-2023-010,AngloGold Ashanti,Ahafo,2/11/2023,Day,Yes,1,Fall of Ground,High Potential,Road/Transport,Human Error,Environmental Condition,37826,Loader,82.6,Moderate Fracturing,Low,High Dust,Welding,Operator,638,36,2023,1,5,2,5,1,1,2,5.882555055,,2,Intermediate,3,2,,159,6,Dry Season,2,3,1,3,57.98849457,High Risk
IN-13-02-2023-010,AngloGold Ashanti,Ahafo,2/13/2023,Night,No,0,Fall of Ground,High Potential,Road/Transport,Human Error,Equipment Failure,22127,Truck,92.4,Stable,Low,High Dust,Equipment Operation,Driver,532,35,2023,1,4,2,0,0,1,2,4.650296698,,4,Intermediate,3,4,,159,2,Dry Season,2,4,1,3,64.54051603,High Risk
IN-14-02-2023-010,Gold Fields,Obuasi,2/14/2023,Day,No,0,Fire,Medium,Road/Transport,Human Error,Training Deficiency,28932,Truck,83.1,Moderate Fracturing,Low,High Dust,Driving,Mechanic,575,7,2023,3,2,2,1,0,1,1,4.927820223,,5,Intermediate,3,2,,159,1,Dry Season,2,1,1,3,19.00801151,Low Risk
IN-17-02-2023-010,Gold Fields,Tarkwa,2/17/2023,Day,Yes,1,Chemical,High Potential,Road/Transport,Unsafe Driving,Procedural Failure,37069,Excavator,68,Highly Fractured,Low,Rain,Maintenance,Mechanic,413,1,2023,4,4,2,4,0,1,2,4.786305124,4,3,Advanced,2,2,3,159,3,Dry Season,4,3,1,1,69.04404661,High Risk
IN-26-02-2023-010,AngloGold Ashanti,Damang,2/26/2023,Night,No,0,Electrical,Critical Potential,Road/Transport,Human Error,Equipment Failure,43744,Excavator,73.1,Highly Fractured,Moderate,Clear,Welding,Supervisor,318,44,2023,1,5,2,6,1,1,3,11.56561051,1,3,Intermediate,3,4,2.7,159,9,Dry Season,4,4,1,1,91.34661437,Critical Risk
IN-18-03-2023-010,AngloGold Ashanti,Ahafo,3/18/2023,Day,No,0,Fall of Ground,Medium,Road/Transport,Human Error,Procedural Failure,13791,Loader,72.9,Moderate Fracturing,Low,Clear,Maintenance,Supervisor,594,37,2023,1,4,3,5,1,1,1,4.243698224,1,4,Intermediate,3,2,1.65,159,20,Minor Rainy Season,2,3,1,1,32.7685819,Medium Risk
IN-23-03-2023-010,AngloGold Ashanti,Obuasi,3/23/2023,Day,Yes,1,Electrical,Low,Road/Transport,Human Error,Training Deficiency,34823,,89.7,Highly Fractured,High,Clear,Lifting,Mechanic,228,34,2023,1,3,3,3,0,1,0,1.399969393,1,2,Basic,4,2,1.2,159,5,Minor Rainy Season,2,3,1,1,14.57655113,Low Risk
IN-23-03-2023-010,Newmont,Obuasi,3/23/2023,Day,No,0,Fire,Low,Road/Transport,Lack of Risk Assessment,Procedural Failure,38837,Crusher,77.4,Highly Fractured,Moderate,High Dust,Lifting,Operator,1177,20,2023,3,3,3,3,0,1,0,10.87686475,,5,Intermediate,3,2,,159,0,Minor Rainy Season,2,3,1,3,21.60443301,Low Risk
IN-25-03-2023-010,Gold Fields,Obuasi,3/25/2023,Day,Yes,1,Fall of Ground,Medium,Road/Transport,Inadequate Supervision,Environmental Condition,9311,Crusher,75.2,Highly Fractured,Low,Rain,Welding,Driver,589,22,2023,1,5,3,5,1,1,1,3.120661273,4,2,Intermediate,3,2,2.1,159,2,Minor Rainy Season,2,3,1,1,47.63386869,Medium Risk
IN-27-03-2023-010,AngloGold Ashanti,Ahafo,3/27/2023,Day,No,0,Chemical,Critical Potential,Road/Transport,Unsafe Driving,Human Behaviour,12065,,84.6,Stable,Low,Rain,Welding,Welder,875,2,2023,4,5,3,0,0,1,3,0.888322639,4,2,Intermediate,3,2,3.55,159,2,Minor Rainy Season,2,3,1,1,71.59412794,Critical Risk
IN-20-04-2023-010,Newmont,Obuasi,4/20/2023,Night,No,0,Electrical,High Potential,Road/Transport,Poor Maintenance,Environmental Condition,16345,Truck,69.3,Stable,Moderate,High Dust,Equipment Operation,Welder,1062,0,2023,1,4,4,3,0,2,2,20.00339323,,3,Basic,4,4,,159,24,Minor Rainy Season,2,4,1,3,64.54051603,High Risk
IN-05-05-2023-010,Newmont,Damang,5/5/2023,Night,Yes,1,Vehicle,Medium,Road/Transport,Unsafe Driving,Equipment Failure,42245,Loader,65.2,Moderate Fracturing,Low,Clear,Equipment Operation,Operator,530,31,2023,2,4,5,4,0,2,1,2.557474016,1,3,Basic,4,4,2.15,159,15,Minor Rainy Season,2,4,1,1,45.53250452,Medium Risk
IN-11-05-2023-010,AngloGold Ashanti,Damang,5/11/2023,Day,Yes,1,Equipment,Critical Potential,Road/Transport,Unsafe Driving,Environmental Condition,36759,Excavator,87.4,Highly Fractured,Low,Clear,Driving,Mechanic,531,15,2023,1,2,5,3,0,2,3,2.513840314,1,2,Intermediate,3,2,2.05,159,6,Minor Rainy Season,4,1,1,1,51.58233832,High Risk
IN-23-05-2023-010,Newmont,Tarkwa,5/23/2023,Day,Yes,1,Vehicle,Critical Potential,Road/Transport,Unsafe Driving,Equipment Failure,27322,Crusher,72.5,Stable,Low,High Dust,Welding,Supervisor,918,38,2023,2,5,5,1,0,2,3,4.784863614,,4,Intermediate,3,2,,159,12,Minor Rainy Season,2,3,1,3,69.96862419,High Risk
IN-25-05-2023-010,Gold Fields,Obuasi,5/25/2023,Night,Yes,1,Chemical,Critical Potential,Road/Transport,Lack of Risk Assessment,Human Behaviour,27286,Truck,72.9,Moderate Fracturing,Low,High Dust,Driving,Operator,778,22,2023,4,2,5,3,0,2,3,7.237834779,,3,Intermediate,3,4,,159,2,Minor Rainy Season,2,2,1,3,55.73219338,High Risk
IN-17-06-2023-010,AngloGold Ashanti,Ahafo,6/17/2023,Day,Yes,1,Fire,Critical Potential,Road/Transport,Human Error,Training Deficiency,6403,Excavator,65.6,Highly Fractured,Moderate,Clear,Driving,Mechanic,1155,31,2023,3,2,6,5,1,2,3,1.405200424,1,4,Intermediate,3,2,2.55,159,23,Major Rainy Season,4,1,1,1,51.58233832,High Risk
IN-18-06-2023-010,Gold Fields,Obuasi,6/18/2023,Day,Yes,1,Electrical,Medium,Road/Transport,Poor Maintenance,Procedural Failure,29846,Loader,89.2,Highly Fractured,Low,Clear,Driving,Driver,538,7,2023,1,2,6,6,1,2,1,3.212450506,1,3,Basic,4,2,1.4,159,1,Major Rainy Season,2,1,1,1,11.98012963,Low Risk
IN-23-06-2023-010,Newmont,Obuasi,6/23/2023,Day,Yes,1,Equipment,Critical Potential,Road/Transport,Unsafe Driving,Human Behaviour,16319,Crusher,91.5,Stable,Low,Rain,Welding,Supervisor,367,38,2023,1,5,6,4,0,2,3,5.327313819,4,3,Intermediate,3,2,2.8,159,5,Major Rainy Season,2,3,1,1,71.59412794,Critical Risk
IN-11-07-2023-010,Newmont,Ahafo,7/11/2023,Day,Yes,1,Fall of Ground,Low,Road/Transport,Poor Maintenance,Human Behaviour,14187,Excavator,87.1,Moderate Fracturing,Low,Clear,Maintenance,Welder,510,16,2023,1,4,7,1,0,3,0,2.256350418,1,2,Intermediate,3,2,1.3,159,18,Major Rainy Season,4,3,1,1,36.43040172,Medium Risk
IN-27-07-2023-010,Gold Fields,Damang,7/27/2023,Day,Yes,1,Vehicle,Medium,Road/Transport,Unsafe Driving,Environmental Condition,6845,Truck,81.9,Moderate Fracturing,Low,Rain,Welding,Mechanic,1079,20,2023,2,5,7,3,0,3,1,9.043560191,4,5,Intermediate,3,2,2.35,159,16,Major Rainy Season,2,3,1,1,47.63386869,Medium Risk
IN-13-08-2023-010,AngloGold Ashanti,Obuasi,8/13/2023,Day,Yes,1,Equipment,Medium,Road/Transport,Human Error,Equipment Failure,12399,Excavator,68.1,Highly Fractured,Low,Clear,Lifting,Driver,612,30,2023,1,3,8,6,1,3,1,0.704806867,1,4,Intermediate,3,2,1.5,159,17,Major Rainy Season,4,3,1,1,42.1986302,Medium Risk
IN-17-10-2023-010,Gold Fields,Obuasi,10/17/2023,Night,Yes,1,Vehicle,High Potential,Road/Transport,Unsafe Driving,Human Behaviour,38690,Loader,92.7,Stable,Moderate,Clear,Maintenance,Operator,691,17,2023,2,4,10,1,0,4,2,7.984134353,1,4,Intermediate,3,4,2.45,159,65,Transition Season,2,4,1,1,57.51263414,High Risk
IN-13-11-2023-010,Newmont,Tarkwa,11/13/2023,Day,Yes,1,Equipment,Medium,Road/Transport,Human Error,Equipment Failure,32759,Excavator,84.1,Highly Fractured,Low,Fog,Welding,Supervisor,637,43,2023,1,5,11,0,0,4,1,1.176492598,2,3,Intermediate,3,2,1.9,159,27,Transition Season,4,3,1,1,57.50689438,High Risk
IN-20-11-2023-010,AngloGold Ashanti,Damang,11/20/2023,Day,Yes,1,Electrical,Critical Potential,Road/Transport,Human Error,Training Deficiency,5347,Truck,91.1,Moderate Fracturing,Low,Clear,Welding,Welder,1190,24,2023,1,5,11,0,0,4,3,2.542592068,1,3,Intermediate,3,2,2.5,159,7,Transition Season,2,3,1,1,62.94074231,High Risk
IN-01-01-2024-010,Gold Fields,Ahafo,1/1/2024,Day,Yes,1,Electrical,Medium,Road/Transport,Unsafe Driving,Environmental Condition,31997,Crusher,78.7,Stable,Low,Clear,Welding,Mechanic,789,19,2024,1,5,1,0,0,1,1,2.220766264,1,4,Advanced,2,2,1.75,159,42,Dry Season,2,3,1,1,38.98048306,Medium Risk
IN-02-01-2024-010,AngloGold Ashanti,Tarkwa,1/2/2024,Day,Yes,1,Fall of Ground,Low,Road/Transport,Design / Layout Deficiency,Training Deficiency,6018,Crusher,82.1,Stable,Low,Clear,Lifting,Welder,938,21,2024,1,3,1,1,0,1,0,4.192050448,1,3,Intermediate,3,2,1.15,159,1,Dry Season,2,3,1,1,14.57655113,Low Risk
IN-05-02-2024-010,Gold Fields,Obuasi,2/5/2024,Day,Yes,1,Equipment,Medium,Road/Transport,Human Error,Procedural Failure,30976,,76.2,Stable,Low,Rain,Maintenance,Supervisor,588,33,2024,1,4,2,0,0,1,1,1.488440517,4,4,Intermediate,3,2,1.95,159,34,Dry Season,2,3,1,1,41.42196754,Medium Risk
IN-06-02-2024-010,Newmont,Damang,2/6/2024,Day,Yes,1,Vehicle,High Potential,Road/Transport,Inadequate Supervision,Training Deficiency,13798,Crusher,65.3,Stable,Low,Clear,Driving,Supervisor,510,14,2024,2,2,2,1,0,1,2,3.09924544,1,2,Basic,4,2,2,159,1,Dry Season,2,1,1,1,23.96025925,Low Risk
IN-20-02-2024-010,Gold Fields,Damang,2/20/2024,Day,Yes,1,Equipment,Critical Potential,Road/Transport,Environmental Conditions,Procedural Failure,37305,Loader,71.5,Moderate Fracturing,Moderate,Clear,Driving,Driver,772,12,2024,1,2,2,1,0,1,3,10.23610401,1,4,Basic,4,2,2.1,159,14,Dry Season,2,1,1,1,35.94038888,Medium Risk
IN-20-02-2024-010,Newmont,Obuasi,2/20/2024,Day,No,0,Fire,High Potential,Road/Transport,Environmental Conditions,Human Behaviour,14862,Crusher,73.7,Stable,Moderate,Rain,Equipment Operation,Welder,1091,0,2024,3,4,2,1,0,1,2,12.50183108,4,3,Basic,4,2,2.85,159,0,Dry Season,2,3,1,3,63.31444092,High Risk
IN-01-03-2024-010,AngloGold Ashanti,Obuasi,3/1/2024,Day,No,0,Vehicle,Critical Potential,Road/Transport,Unsafe Driving,Training Deficiency,10212,Crusher,82.8,Highly Fractured,Low,Rain,Lifting,Mechanic,1154,5,2024,2,3,3,4,0,1,3,1.025854234,4,2,Basic,4,2,2.8,159,10,Minor Rainy Season,2,3,1,1,59.17032563,High Risk
IN-10-03-2024-010,Gold Fields,Damang,3/10/2024,Night,No,0,Chemical,Medium,Road/Transport,Design / Layout Deficiency,Environmental Condition,23242,Truck,78.6,Highly Fractured,Low,Rain,Equipment Operation,Driver,700,24,2024,4,4,3,6,1,1,1,7.969646318,4,3,Intermediate,3,4,2.9,159,9,Minor Rainy Season,2,4,1,3,64.09823391,High Risk
IN-06-04-2024-010,AngloGold Ashanti,Tarkwa,4/6/2024,Day,Yes,1,Chemical,Low,Road/Transport,Inadequate Supervision,Procedural Failure,27796,Excavator,90.4,Moderate Fracturing,Low,Clear,Welding,Operator,1094,20,2024,4,5,4,5,1,2,0,4.958212868,1,3,Intermediate,3,2,2.2,159,27,Minor Rainy Season,4,3,1,1,42.64230288,Medium Risk
IN-09-04-2024-010,Gold Fields,Damang,4/9/2024,Day,Yes,1,Fall of Ground,Critical Potential,Road/Transport,Lack of Risk Assessment,Procedural Failure,24207,Excavator,76.7,Stable,Low,Clear,Welding,Mechanic,792,19,2024,1,5,4,1,0,2,3,21.42006183,1,2,Advanced,2,2,2.45,159,3,Minor Rainy Season,4,3,1,1,78.58269175,Critical Risk
IN-03-05-2024-010,AngloGold Ashanti,Tarkwa,5/3/2024,Night,No,0,Chemical,High Potential,Road/Transport,Human Error,Environmental Condition,43622,Truck,92.5,Highly Fractured,Moderate,Rain,Welding,Driver,398,42,2024,4,5,5,4,0,2,2,2.87595515,4,5,Intermediate,3,4,3.4,159,24,Minor Rainy Season,2,4,1,1,72.37792093,Critical Risk
IN-10-05-2024-010,AngloGold Ashanti,Ahafo,5/10/2024,Day,Yes,1,Equipment,Low,Road/Transport,Environmental Conditions,Human Behaviour,37210,Excavator,82,Highly Fractured,Low,Clear,Welding,Welder,575,23,2024,1,5,5,4,0,2,0,1.304904269,1,2,Advanced,2,2,1.4,159,7,Minor Rainy Season,4,3,1,1,42.64230288,Medium Risk
IN-11-05-2024-010,Gold Fields,Obuasi,5/11/2024,Day,Yes,1,Fall of Ground,Medium,Road/Transport,Environmental Conditions,Equipment Failure,7837,,81.8,Moderate Fracturing,Moderate,Clear,Welding,Operator,860,15,2024,1,5,5,5,1,2,1,0.570053273,1,2,Advanced,2,2,1.75,159,1,Minor Rainy Season,2,3,1,1,38.98048306,Medium Risk
IN-18-05-2024-010,Gold Fields,Damang,5/18/2024,Day,Yes,1,Electrical,Low,Road/Transport,Poor Maintenance,Procedural Failure,13204,Excavator,79.9,Moderate Fracturing,Low,Clear,Driving,Operator,1119,29,2024,1,2,5,5,1,2,0,1.468355082,1,4,Intermediate,3,2,1,159,7,Minor Rainy Season,4,1,1,1,15.64194945,Low Risk
IN-20-05-2024-010,AngloGold Ashanti,Ahafo,5/20/2024,Night,Yes,1,Fire,Medium,Road/Transport,Lack of Risk Assessment,Procedural Failure,20779,,72,Stable,Low,Clear,Welding,Operator,743,16,2024,3,5,5,0,0,2,1,10.51936944,1,4,Intermediate,3,4,2.5,159,2,Minor Rainy Season,2,4,1,1,51.74440567,High Risk
IN-02-06-2024-010,Gold Fields,Tarkwa,6/2/2024,Night,Yes,1,Vehicle,Critical Potential,Road/Transport,Unsafe Driving,Training Deficiency,41898,Loader,92.4,Highly Fractured,Moderate,Clear,Lifting,Welder,893,10,2024,2,3,6,6,1,2,3,4.124245727,1,3,Basic,4,4,2.7,159,13,Major Rainy Season,2,4,1,1,63.28086262,High Risk
IN-08-06-2024-010,Newmont,Ahafo,6/8/2024,Day,Yes,1,Fall of Ground,Critical Potential,Road/Transport,Unsafe Driving,Procedural Failure,21473,Crusher,74.1,Highly Fractured,Moderate,Rain,Equipment Operation,Supervisor,315,35,2024,1,4,6,5,1,2,3,8.405944996,4,3,Intermediate,3,2,2.65,159,6,Major Rainy Season,2,3,1,3,75.29457055,Critical Risk
IN-14-06-2024-010,Gold Fields,Tarkwa,6/14/2024,Day,No,0,Vehicle,Medium,Road/Transport,Poor Maintenance,Environmental Condition,12189,Crusher,84.7,Moderate Fracturing,Low,Clear,Equipment Operation,Supervisor,220,26,2024,2,4,6,4,0,2,1,4.923369925,1,2,Intermediate,3,2,1.9,159,6,Major Rainy Season,2,3,1,1,32.7685819,Medium Risk
IN-24-07-2024-010,Gold Fields,Ahafo,7/24/2024,Night,Yes,1,Fire,Low,Road/Transport,Human Error,Environmental Condition,27787,Truck,68.9,Moderate Fracturing,Low,Rain,Maintenance,Supervisor,637,37,2024,3,4,7,2,0,3,0,3.508870899,4,4,Intermediate,3,4,2.3,159,40,Major Rainy Season,2,4,1,1,42.20576053,Medium Risk
IN-24-07-2024-010,AngloGold Ashanti,Obuasi,7/24/2024,Day,Yes,1,Fall of Ground,Medium,Road/Transport,Unsafe Driving,Procedural Failure,7433,Excavator,72,Stable,Moderate,Rain,Driving,Supervisor,520,1,2024,1,2,7,2,0,3,1,3.830532004,4,3,Basic,4,2,1.7,159,0,Major Rainy Season,4,1,1,3,46.18780847,Medium Risk
IN-25-07-2024-010,AngloGold Ashanti,Obuasi,7/25/2024,Day,Yes,1,Electrical,Medium,Road/Transport,Poor Maintenance,Equipment Failure,21943,Excavator,66.1,Stable,Low,Clear,Driving,Operator,967,15,2024,1,2,7,3,0,3,1,0.955952017,1,4,Basic,4,2,1.4,159,1,Major Rainy Season,4,1,1,1,27.62207907,Low Risk
IN-01-08-2024-010,Gold Fields,Obuasi,8/1/2024,Day,Yes,1,Vehicle,High Potential,Road/Transport,Design / Layout Deficiency,Human Behaviour,22177,Crusher,82.6,Moderate Fracturing,High,Clear,Welding,Operator,298,8,2024,2,5,8,3,0,3,2,13.82057705,1,2,Intermediate,3,2,2.4,159,7,Major Rainy Season,2,3,1,1,50.96061268,High Risk
IN-10-08-2024-010,Newmont,Ahafo,8/10/2024,Night,No,0,Chemical,High Potential,Road/Transport,Human Error,Human Behaviour,24547,Truck,83.3,Highly Fractured,Low,Extreme Heat,Equipment Operation,Operator,356,32,2024,4,4,8,5,1,3,2,3.781416949,4,3,Basic,4,4,3.3,159,9,Major Rainy Season,2,4,1,3,76.07836354,Critical Risk
IN-15-08-2024-010,Newmont,Tarkwa,8/15/2024,Day,Yes,1,Vehicle,Medium,Road/Transport,Environmental Conditions,Environmental Condition,41182,Loader,83.7,Moderate Fracturing,Low,Fog,Driving,Operator,215,12,2024,2,2,8,3,0,3,1,4.976311313,2,3,Intermediate,3,2,1.7,159,5,Major Rainy Season,2,1,1,1,14.8645915,Low Risk
IN-08-09-2024-010,Gold Fields,Tarkwa,9/8/2024,Night,No,0,Equipment,High Potential,Road/Transport,Inadequate Supervision,Procedural Failure,34672,Excavator,76.6,Moderate Fracturing,High,Clear,Maintenance,Driver,628,16,2024,1,4,9,6,1,3,2,0.432789371,1,2,Intermediate,3,4,2.2,159,24,Transition Season,4,4,1,1,73.15458359,Critical Risk
IN-08-09-2024-010,AngloGold Ashanti,Ahafo,9/8/2024,Day,Yes,1,Equipment,High Potential,Road/Transport,Inadequate Supervision,Procedural Failure,7808,Loader,85,Moderate Fracturing,Moderate,Clear,Driving,Operator,636,26,2024,1,2,9,6,1,3,2,0.587417178,1,4,Basic,4,2,1.75,159,0,Transition Season,2,1,1,1,23.96025925,Low Risk
IN-14-09-2024-010,Newmont,Tarkwa,9/14/2024,Night,No,0,Electrical,Critical Potential,Road/Transport,Unsafe Driving,Environmental Condition,23230,Crusher,69.4,Moderate Fracturing,Low,Clear,Driving,Supervisor,858,41,2024,1,2,9,5,1,3,3,0.942610461,1,3,Intermediate,3,4,2.25,159,6,Transition Season,2,2,1,1,48.70431149,Medium Risk
IN-03-10-2024-010,Newmont,Obuasi,10/3/2024,Day,No,0,Fire,Medium,Road/Transport,Human Error,Equipment Failure,17818,Crusher,72.7,Stable,Low,High Dust,Maintenance,Mechanic,445,44,2024,3,4,10,3,0,4,1,0.589724248,,4,Intermediate,3,2,,159,19,Transition Season,2,3,1,3,39.79646379,Medium Risk
IN-01-11-2024-010,Newmont,Obuasi,11/1/2024,Night,Yes,1,Fall of Ground,Medium,Road/Transport,Human Error,Procedural Failure,21388,Loader,88.7,Highly Fractured,Low,Clear,Welding,Supervisor,726,14,2024,1,5,11,4,0,4,1,9.362351448,1,2,Intermediate,3,4,2,159,29,Transition Season,2,4,1,1,51.74440567,High Risk
IN-08-11-2024-010,Newmont,Tarkwa,11/8/2024,Day,Yes,1,Fire,Medium,Road/Transport,Lack of Risk Assessment,Environmental Condition,26658,,71.7,Moderate Fracturing,Moderate,Clear,Welding,Operator,343,7,2024,3,5,11,4,0,4,1,0.043753515,1,5,Advanced,2,2,2.25,159,7,Transition Season,2,3,1,1,38.98048306,Medium Risk
IN-14-11-2024-010,Newmont,Obuasi,11/14/2024,Night,Yes,1,Fire,High Potential,Road/Transport,Unsafe Driving,Equipment Failure,12333,Excavator,94.3,Highly Fractured,Low,High Dust,Driving,Driver,1075,44,2024,3,2,11,3,0,4,2,1.244770965,,4,Basic,4,4,,159,6,Transition Season,4,2,1,3,59.3940132,High Risk
IN-27-11-2024-010,Newmont,Ahafo,11/27/2024,Day,Yes,1,Electrical,High Potential,Road/Transport,Design / Layout Deficiency,Equipment Failure,17225,Loader,79.6,Highly Fractured,Low,Clear,Driving,Supervisor,1186,20,2024,1,2,11,2,0,4,2,1.185195548,1,3,Intermediate,3,2,1.7,159,13,Transition Season,2,1,1,1,23.96025925,Low Risk
IN-12-12-2024-010,Newmont,Damang,12/12/2024,Day,No,0,Fire,Medium,Road/Transport,Unsafe Driving,Equipment Failure,24072,Excavator,96.2,Moderate Fracturing,Moderate,Rain,Welding,Driver,625,26,2024,3,5,12,3,0,4,1,1.706352676,4,3,Intermediate,3,2,2.6,159,15,Dry Season,4,3,1,1,63.27581813,High Risk
IN-20-12-2024-010,AngloGold Ashanti,Obuasi,12/20/2024,Night,Yes,1,Fire,High Potential,Road/Transport,Design / Layout Deficiency,Environmental Condition,9830,Truck,72.8,Stable,Low,Clear,Driving,Supervisor,1182,22,2024,3,2,12,4,0,4,2,6.531432195,1,2,Intermediate,3,4,2.4,159,8,Dry Season,2,2,1,1,36.72418187,Medium Risk
IN-20-12-2024-010,Gold Fields,Ahafo,12/20/2024,Day,Yes,1,Electrical,Low,Road/Transport,Environmental Conditions,Human Behaviour,5371,,97.6,Moderate Fracturing,Low,Clear,Lifting,Welder,214,15,2024,1,3,12,4,0,4,0,0.808341338,1,5,Intermediate,3,2,1.15,159,0,Dry Season,2,3,1,1,14.57655113,Low Risk
IN-20-12-2024-010,Gold Fields,Ahafo,12/20/2024,Day,No,0,Chemical,Critical Potential,Road/Transport,Design / Layout Deficiency,Human Behaviour,41660,,74.7,Moderate Fracturing,Moderate,Clear,Driving,Welder,741,10,2024,4,2,12,4,0,4,3,0.235034872,1,3,Basic,4,2,2.85,159,0,Dry Season,2,1,1,1,35.94038888,Medium Risk
IN-21-12-2024-010,Gold Fields,Tarkwa,12/21/2024,Day,No,0,Chemical,Medium,Road/Transport,Lack of Risk Assessment,Training Deficiency,26159,Truck,84.4,Highly Fractured,Low,Clear,Lifting,Welder,795,11,2024,4,3,12,5,1,4,1,6.912361559,1,2,Intermediate,3,2,2.25,159,1,Dry Season,2,3,1,1,26.55668075,Low Risk
IN-21-12-2024-010,Newmont,Damang,12/21/2024,Day,Yes,1,Equipment,High Potential,Road/Transport,Environmental Conditions,Environmental Condition,9533,Loader,94.2,Stable,Low,Clear,Equipment Operation,Operator,393,17,2024,1,4,12,5,1,4,2,1.930697672,1,3,Intermediate,3,2,2,159,0,Dry Season,2,3,1,1,44.74871153,Medium Risk
IN-11-01-2025-010,Newmont,Damang,1/11/2025,Day,Yes,1,Equipment,Low,Road/Transport,Environmental Conditions,Human Behaviour,14901,Loader,82.2,Stable,Low,Clear,Equipment Operation,Mechanic,961,30,2025,1,4,1,5,1,1,0,5.019183342,1,3,Basic,4,2,1.35,159,21,Dry Season,2,3,1,1,20.78845228,Low Risk
IN-17-01-2025-010,Newmont,Ahafo,1/17/2025,Day,No,0,Vehicle,Critical Potential,Road/Transport,Poor Maintenance,Procedural Failure,42390,,93.4,Stable,Low,Clear,Welding,Driver,304,4,2025,2,5,1,4,0,1,3,0.134701076,1,5,Intermediate,3,2,2.75,159,6,Dry Season,2,3,1,1,62.94074231,High Risk
IN-16-02-2025-010,Gold Fields,Damang,2/16/2025,Day,No,0,Electrical,Medium,Road/Transport,Human Error,Training Deficiency,37780,Crusher,91.2,Moderate Fracturing,Moderate,High Dust,Driving,Operator,1093,29,2025,1,2,2,6,1,1,1,3.575563641,,3,Intermediate,3,2,,159,30,Dry Season,2,1,1,3,19.00801151,Low Risk
IN-26-02-2025-010,AngloGold Ashanti,Damang,2/26/2025,Night,No,0,Fire,Critical Potential,Road/Transport,Unsafe Driving,Equipment Failure,40336,Truck,73,Stable,Low,Clear,Welding,Mechanic,903,16,2025,3,5,2,2,0,1,3,6.6498257,1,2,Advanced,2,4,3.15,159,10,Dry Season,2,4,1,1,75.70466492,Critical Risk
IN-27-02-2025-010,Newmont,Damang,2/27/2025,Day,Yes,1,Equipment,Low,Road/Transport,Design / Layout Deficiency,Equipment Failure,44103,,79.9,Highly Fractured,Low,Rain,Welding,Operator,760,28,2025,1,5,2,3,0,1,0,8.451777473,4,2,Advanced,2,2,1.7,159,1,Dry Season,2,3,1,1,35.65373906,Medium Risk
IN-05-03-2025-010,Newmont,Tarkwa,3/5/2025,Day,Yes,1,Chemical,Medium,Road/Transport,Unsafe Driving,Procedural Failure,21905,Loader,68.7,Highly Fractured,Moderate,Clear,Lifting,Operator,500,34,2025,4,3,3,2,0,1,1,4.477435801,1,3,Basic,4,2,2.3,159,6,Minor Rainy Season,2,3,1,1,26.55668075,Low Risk
IN-10-03-2025-010,Gold Fields,Ahafo,3/10/2025,Night,Yes,1,Chemical,Medium,Road/Transport,Poor Maintenance,Procedural Failure,10091,Loader,65.6,Moderate Fracturing,High,Rain,Maintenance,Mechanic,784,17,2025,4,4,3,0,0,1,1,4.549366,4,4,Advanced,2,4,2.85,159,5,Minor Rainy Season,2,4,1,1,54.18589015,High Risk
IN-04-04-2025-010,Newmont,Tarkwa,4/4/2025,Day,No,0,Vehicle,Low,Road/Transport,Unsafe Driving,Human Behaviour,43014,Truck,68.4,Stable,Low,Rain,Equipment Operation,Driver,1032,16,2025,2,4,4,4,0,2,0,5.907930985,4,2,Basic,4,2,1.9,159,25,Minor Rainy Season,2,3,1,3,39.35418167,Medium Risk
IN-22-04-2025-010,AngloGold Ashanti,Damang,4/22/2025,Day,No,0,Chemical,High Potential,Road/Transport,Unsafe Driving,Procedural Failure,36115,Truck,78.6,Moderate Fracturing,Low,Rain,Welding,Welder,776,44,2025,4,5,4,1,0,2,2,0.27493744,4,4,Intermediate,3,2,3.2,159,18,Minor Rainy Season,2,3,1,1,59.61399831,High Risk
IN-17-05-2025-010,Gold Fields,Obuasi,5/17/2025,Night,Yes,1,Vehicle,Medium,Road/Transport,Unsafe Driving,Procedural Failure,29942,Crusher,66.4,Moderate Fracturing,Low,Rain,Lifting,Supervisor,377,11,2025,2,3,5,5,1,2,1,7.529401133,4,5,Basic,4,4,2.3,159,25,Minor Rainy Season,2,4,1,1,47.973989,Medium Risk
IN-01-06-2025-010,Newmont,Ahafo,6/1/2025,Day,No,0,Vehicle,Medium,Road/Transport,Design / Layout Deficiency,Procedural Failure,18646,Truck,69.5,Highly Fractured,Low,Rain,Driving,Supervisor,507,23,2025,2,2,6,6,1,2,1,1.269321519,4,2,Basic,4,2,1.95,159,15,Major Rainy Season,2,1,1,3,30.54585902,Medium Risk
IN-02-06-2025-010,AngloGold Ashanti,Obuasi,6/2/2025,Day,Yes,1,Chemical,Critical Potential,Road/Transport,Unsafe Driving,Training Deficiency,13411,Excavator,89.2,Highly Fractured,Moderate,Clear,Maintenance,Mechanic,242,37,2025,4,4,6,0,0,2,3,3.582671793,1,4,Intermediate,3,2,3.1,159,1,Major Rainy Season,4,3,1,1,72.3707906,Critical Risk
IN-07-06-2025-010,Gold Fields,Ahafo,6/7/2025,Night,Yes,1,Equipment,Critical Potential,Road/Transport,Human Error,Human Behaviour,38712,,75.6,Stable,Low,Rain,Driving,Supervisor,587,33,2025,1,2,6,5,1,2,3,1.248661942,4,5,Intermediate,3,4,2.55,159,5,Major Rainy Season,2,2,1,3,67.27004089,High Risk
IN-19-06-2025-010,AngloGold Ashanti,Damang,6/19/2025,Day,No,0,Chemical,High Potential,Road/Transport,Design / Layout Deficiency,Environmental Condition,7056,Excavator,84.9,Stable,High,Rain,Equipment Operation,Mechanic,330,15,2025,4,4,6,3,0,2,2,1.633636304,4,2,Intermediate,3,2,3.05,159,12,Major Rainy Season,4,3,1,3,78.95639037,Critical Risk
IN-21-06-2025-010,Gold Fields,Tarkwa,6/21/2025,Night,No,0,Fall of Ground,Low,Road/Transport,Human Error,Training Deficiency,29930,Loader,96.8,Moderate Fracturing,Low,Clear,Welding,Mechanic,908,40,2025,1,5,6,5,1,2,0,2.734237907,1,5,Advanced,2,4,1.6,159,2,Major Rainy Season,2,4,1,1,39.76427605,Medium Risk
IN-27-06-2025-010,AngloGold Ashanti,Ahafo,6/27/2025,Day,No,0,Vehicle,High Potential,Road/Transport,Inadequate Supervision,Procedural Failure,10518,Crusher,75.5,Moderate Fracturing,Low,Clear,Maintenance,Welder,820,14,2025,2,4,6,4,0,2,2,5.117500023,1,3,Intermediate,3,2,2.25,159,6,Major Rainy Season,2,3,1,1,44.74871153,Medium Risk
IN-09-07-2025-010,AngloGold Ashanti,Ahafo,7/9/2025,Night,No,0,Fall of Ground,Medium,Road/Transport,Unsafe Driving,Environmental Condition,10495,Loader,72.8,Moderate Fracturing,High,Extreme Heat,Maintenance,Driver,342,18,2025,1,4,7,2,0,3,1,13.62592344,4,3,Intermediate,3,4,2.15,159,12,Major Rainy Season,2,4,1,3,64.09823391,High Risk
IN-20-07-2025-010,Newmont,Tarkwa,7/20/2025,Day,Yes,1,Equipment,Low,Road/Transport,Design / Layout Deficiency,Training Deficiency,33984,Crusher,65.8,Moderate Fracturing,Low,Fog,Equipment Operation,Driver,635,29,2025,1,4,7,6,1,3,0,5.666436148,2,2,Intermediate,3,2,1.4,159,11,Major Rainy Season,2,3,1,1,23.67291416,Low Risk
IN-21-07-2025-010,AngloGold Ashanti,Damang,7/21/2025,Day,Yes,1,Chemical,Medium,Road/Transport,Environmental Conditions,Human Behaviour,38822,Loader,89.6,Highly Fractured,Moderate,Clear,Equipment Operation,Welder,281,3,2025,4,4,7,0,0,3,1,8.709118483,1,3,Intermediate,3,2,2.4,159,1,Major Rainy Season,2,3,1,1,32.7685819,Medium Risk
IN-23-07-2025-010,AngloGold Ashanti,Ahafo,7/23/2025,Day,No,0,Fall of Ground,Medium,Road/Transport,Human Error,Equipment Failure,25917,Crusher,70.6,Stable,High,Rain,Lifting,Driver,1120,23,2025,1,3,7,2,0,3,1,3.245571394,4,4,Intermediate,3,2,1.8,159,2,Major Rainy Season,2,3,1,1,35.21006638,Medium Risk
IN-07-08-2025-010,Newmont,Tarkwa,8/7/2025,Night,Yes,1,Equipment,Medium,Road/Transport,Human Error,Environmental Condition,39294,Loader,66.2,Stable,Moderate,Clear,Maintenance,Driver,1163,15,2025,1,4,8,3,0,3,1,0.69243176,1,3,Intermediate,3,4,1.85,159,15,Major Rainy Season,2,4,1,1,45.53250452,Medium Risk
IN-08-08-2025-010,Newmont,Ahafo,8/8/2025,Night,Yes,1,Vehicle,Critical Potential,Road/Transport,Poor Maintenance,Training Deficiency,19923,Truck,72.8,Highly Fractured,Low,Clear,Maintenance,Supervisor,322,8,2025,2,4,8,4,0,3,3,1.739677901,1,3,Intermediate,3,4,2.8,159,1,Major Rainy Season,2,4,1,1,69.49276377,High Risk
IN-02-09-2025-010,AngloGold Ashanti,Ahafo,9/2/2025,Day,Yes,1,Chemical,Low,Road/Transport,Human Error,Human Behaviour,8659,Excavator,83.2,Stable,Low,Clear,Maintenance,Welder,534,41,2025,4,4,9,1,0,3,0,0.398560803,1,4,Intermediate,3,2,2.05,159,25,Transition Season,4,3,1,1,36.43040172,Medium Risk
IN-05-09-2025-010,Gold Fields,Ahafo,9/5/2025,Day,No,0,Fall of Ground,Medium,Road/Transport,Unsafe Driving,Environmental Condition,6663,,86.5,Moderate Fracturing,Low,Rain,Welding,Operator,747,10,2025,1,5,9,4,0,3,1,7.304528051,4,2,Intermediate,3,2,2.1,159,3,Transition Season,2,3,1,1,47.63386869,Medium Risk
IN-26-09-2025-010,Gold Fields,Obuasi,9/26/2025,Day,Yes,1,Fall of Ground,Low,Road/Transport,Inadequate Supervision,Equipment Failure,5891,,86,Stable,Moderate,Clear,Welding,Operator,448,3,2025,1,5,9,4,0,3,0,0.229573273,1,2,Advanced,2,2,1.4,159,21,Transition Season,2,3,1,1,27.00035343,Low Risk
IN-02-10-2025-010,Gold Fields,Damang,10/2/2025,Day,Yes,1,Chemical,Medium,Road/Transport,Design / Layout Deficiency,Equipment Failure,20437,Crusher,69.8,Stable,Low,Rain,Driving,Welder,228,5,2025,4,2,10,3,0,4,1,0.516466007,4,2,Basic,4,2,2.45,159,6,Transition Season,2,1,1,3,30.54585902,Medium Risk
IN-07-10-2025-010,AngloGold Ashanti,Obuasi,10/7/2025,Day,No,0,Fall of Ground,High Potential,Road/Transport,Lack of Risk Assessment,Human Behaviour,18527,Crusher,72,Moderate Fracturing,Low,Rain,Driving,Mechanic,441,30,2025,1,2,10,1,0,4,2,2.607887748,4,3,Basic,4,2,2.05,159,5,Transition Season,2,1,1,3,42.52598865,Medium Risk
IN-15-10-2025-010,Newmont,Tarkwa,10/15/2025,Day,Yes,1,Vehicle,Medium,Road/Transport,Design / Layout Deficiency,Human Behaviour,15760,Truck,72.5,Highly Fractured,Moderate,Clear,Maintenance,Operator,888,22,2025,2,4,10,2,0,4,1,1.0641314,1,3,Intermediate,3,2,1.9,159,8,Transition Season,2,3,1,1,32.7685819,Medium Risk
IN-17-10-2025-010,AngloGold Ashanti,Tarkwa,10/17/2025,Day,No,0,Fire,Low,Road/Transport,Human Error,Procedural Failure,40190,Crusher,71.6,Moderate Fracturing,High,Fog,Equipment Operation,Supervisor,736,26,2025,3,4,10,4,0,4,0,0.880105496,2,3,Intermediate,3,2,1.9,159,2,Transition Season,2,3,1,1,23.67291416,Low Risk
IN-02-11-2025-010,AngloGold Ashanti,Damang,11/2/2025,Night,No,0,Fall of Ground,High Potential,Road/Transport,Human Error,Training Deficiency,43230,,74.5,Moderate Fracturing,Moderate,Clear,Lifting,Mechanic,227,7,2025,1,3,11,6,1,4,2,11.88901523,1,4,Basic,4,4,2.1,159,16,Transition Season,2,4,1,1,51.30073299,High Risk
IN-07-11-2025-010,Newmont,Obuasi,11/7/2025,Night,No,0,Equipment,Low,Road/Transport,Unsafe Driving,Procedural Failure,28116,Excavator,73,Moderate Fracturing,Low,Clear,Welding,Operator,789,38,2025,1,5,11,4,0,4,0,5.94720867,1,4,Advanced,2,4,1.6,159,5,Transition Season,4,4,1,1,55.40622549,High Risk
IN-08-11-2025-010,AngloGold Ashanti,Ahafo,11/8/2025,Day,Yes,1,Vehicle,Medium,Road/Transport,Unsafe Driving,Equipment Failure,38348,Loader,71.7,Highly Fractured,Low,Rain,Maintenance,Driver,570,32,2025,2,4,11,5,1,4,1,5.960578001,4,4,Intermediate,3,2,2.2,159,1,Transition Season,2,3,1,1,41.42196754,Medium Risk
IN-17-11-2025-010,Gold Fields,Damang,11/17/2025,Night,Yes,1,Equipment,Medium,Road/Transport,Unsafe Driving,Procedural Failure,35132,,67.5,Moderate Fracturing,Low,Clear,Welding,Driver,241,7,2025,1,5,11,0,0,4,1,14.38584422,1,2,Intermediate,3,4,2,159,9,Transition Season,2,4,1,1,51.74440567,High Risk
IN-27-11-2025-010,AngloGold Ashanti,Damang,11/27/2025,Day,No,0,Electrical,Critical Potential,Road/Transport,Design / Layout Deficiency,Training Deficiency,9930,Loader,82,Highly Fractured,Moderate,Clear,Equipment Operation,Supervisor,958,17,2025,1,4,11,3,0,4,3,2.738874077,1,4,Intermediate,3,2,2.35,159,10,Transition Season,2,3,1,1,56.72884115,High Risk
IN-16-12-2025-010,Gold Fields,Damang,12/16/2025,Night,No,0,Vehicle,Medium,Road/Transport,Human Error,Training Deficiency,28116,Excavator,70.8,Moderate Fracturing,High,Clear,Maintenance,Driver,676,38,2025,2,4,12,1,0,4,1,3.72299326,1,3,Intermediate,3,4,2.1,159,19,Dry Season,4,4,1,1,61.17445397,High Risk
IN-06-04-2021-010,AngloGold Ashanti,Ahafo,4/6/2021,Night,No,0,Fire,Low,Tailings Dam,Environmental Conditions,Equipment Failure,18087,Loader,73.9,Moderate Fracturing,Low,Fog,Lifting,Operator,590,1,2021,3,3,4,1,0,2,0,4.577239791,2,2,Intermediate,3,4,1.95,178,999,Minor Rainy Season,2,4,1,1,30.22493562,Medium Risk
IN-16-04-2021-010,Gold Fields,Tarkwa,4/16/2021,Day,No,0,Fall of Ground,Low,Tailings Dam,Environmental Conditions,Equipment Failure,25079,,93.9,Stable,Low,High Dust,Welding,Welder,722,20,2021,1,5,4,4,0,2,0,2.68030811,,3,Advanced,2,2,,178,10,Minor Rainy Season,2,3,1,3,34.02823532,Medium Risk
IN-24-04-2021-010,Gold Fields,Tarkwa,4/24/2021,Day,No,0,Electrical,Low,Tailings Dam,Human Error,Equipment Failure,44986,Truck,83.4,Moderate Fracturing,Moderate,Extreme Heat,Equipment Operation,Welder,699,0,2021,1,4,4,5,1,2,0,13.99701379,4,5,Intermediate,3,2,1.6,178,8,Minor Rainy Season,2,3,1,3,39.35418167,Medium Risk
IN-03-05-2021-010,Newmont,Damang,5/3/2021,Day,Yes,1,Chemical,High Potential,Tailings Dam,Lack of Risk Assessment,Procedural Failure,13436,Crusher,85.7,Highly Fractured,Low,Clear,Lifting,Supervisor,776,12,2021,4,3,5,0,0,2,2,0.660916563,1,2,Basic,4,2,2.65,178,9,Minor Rainy Season,2,3,1,1,38.53681038,Medium Risk
IN-09-05-2021-010,AngloGold Ashanti,Tarkwa,5/9/2021,Day,No,0,Fall of Ground,Medium,Tailings Dam,Design / Layout Deficiency,Training Deficiency,41062,Crusher,92.9,Moderate Fracturing,Low,Rain,Equipment Operation,Welder,387,13,2021,1,4,5,6,1,2,1,0.166371734,4,2,Basic,4,2,2,178,6,Minor Rainy Season,2,3,1,3,51.3343113,High Risk
IN-23-05-2021-010,Newmont,Tarkwa,5/23/2021,Day,Yes,1,Vehicle,High Potential,Tailings Dam,Human Error,Procedural Failure,12564,Loader,82.2,Stable,Moderate,Clear,Equipment Operation,Operator,745,36,2021,2,4,5,6,1,2,2,16.19640213,1,2,Intermediate,3,2,2.25,178,14,Minor Rainy Season,2,3,1,1,44.74871153,Medium Risk
IN-25-05-2021-010,Newmont,Damang,5/25/2021,Day,No,0,Chemical,Critical Potential,Tailings Dam,Human Error,Training Deficiency,21967,Excavator,97.5,Stable,Low,Clear,Maintenance,Mechanic,500,35,2021,4,4,5,1,0,2,3,3.536673289,1,4,Intermediate,3,2,3.1,178,2,Minor Rainy Season,4,3,1,1,72.3707906,Critical Risk
IN-13-06-2021-010,Gold Fields,Tarkwa,6/13/2021,Night,No,0,Chemical,Low,Tailings Dam,Human Error,Procedural Failure,32723,Loader,78.1,Stable,Low,Clear,Driving,Driver,935,12,2021,4,2,6,6,1,2,0,1.951045124,1,3,Intermediate,3,4,1.95,178,19,Major Rainy Season,2,2,1,1,12.76392262,Low Risk
IN-15-06-2021-010,AngloGold Ashanti,Ahafo,6/15/2021,Day,Yes,1,Fire,Low,Tailings Dam,Human Error,Training Deficiency,5956,Crusher,85.7,Moderate Fracturing,High,Clear,Driving,Mechanic,807,34,2021,3,2,6,1,0,2,0,4.335247882,1,5,Intermediate,3,2,1.5,178,2,Major Rainy Season,2,1,1,1,0,Low Risk
IN-19-06-2021-010,AngloGold Ashanti,Obuasi,6/19/2021,Day,Yes,1,Chemical,High Potential,Tailings Dam,Lack of Risk Assessment,Human Behaviour,7356,Excavator,70.3,Moderate Fracturing,Moderate,Clear,Driving,Mechanic,842,11,2021,4,2,6,5,1,2,2,6.062310914,1,2,Intermediate,3,2,2.45,178,4,Major Rainy Season,4,1,1,1,39.6022087,Medium Risk
IN-26-06-2021-010,AngloGold Ashanti,Damang,6/26/2021,Day,No,0,Equipment,Critical Potential,Tailings Dam,Design / Layout Deficiency,Equipment Failure,44748,Truck,81.7,Moderate Fracturing,Moderate,Clear,Maintenance,Mechanic,1010,8,2021,1,4,6,5,1,2,3,2.401237326,1,3,Intermediate,3,2,2.35,178,7,Major Rainy Season,2,3,1,1,56.72884115,High Risk
IN-09-07-2021-010,AngloGold Ashanti,Ahafo,7/9/2021,Night,Yes,1,Fall of Ground,Low,Tailings Dam,Environmental Conditions,Training Deficiency,11295,Truck,72.8,Stable,Low,Rain,Lifting,Welder,366,20,2021,1,3,7,4,0,3,0,14.0154578,4,3,Basic,4,4,1.7,178,13,Major Rainy Season,2,4,1,1,35.99385937,Medium Risk
IN-07-08-2021-010,AngloGold Ashanti,Tarkwa,8/7/2021,Day,Yes,1,Chemical,Medium,Tailings Dam,Unsafe Driving,Training Deficiency,34750,Crusher,83.5,Moderate Fracturing,Low,Rain,Equipment Operation,Welder,259,44,2021,4,4,8,5,1,3,1,0.301691288,4,4,Basic,4,2,2.75,178,29,Major Rainy Season,2,3,1,3,51.3343113,High Risk
IN-26-08-2021-010,AngloGold Ashanti,Damang,8/26/2021,Night,Yes,1,Fire,Medium,Tailings Dam,Environmental Conditions,Environmental Condition,10469,Truck,79.3,Moderate Fracturing,Low,Clear,Lifting,Mechanic,502,18,2021,3,3,8,3,0,3,1,2.235698084,1,4,Intermediate,3,4,2.2,178,19,Major Rainy Season,2,4,1,1,39.32060337,Medium Risk
IN-02-09-2021-010,AngloGold Ashanti,Tarkwa,9/2/2021,Night,No,0,Fire,Low,Tailings Dam,Poor Maintenance,Training Deficiency,14346,Crusher,76.1,Moderate Fracturing,Low,Clear,Maintenance,Driver,1180,5,2021,3,4,9,3,0,3,0,0.756003342,1,4,Intermediate,3,4,2,178,7,Transition Season,2,4,1,1,33.55237489,Medium Risk
IN-06-09-2021-010,Newmont,Ahafo,9/6/2021,Night,No,0,Fall of Ground,Critical Potential,Tailings Dam,Unsafe Driving,Training Deficiency,19357,Truck,87.1,Moderate Fracturing,Moderate,Clear,Lifting,Welder,770,16,2021,1,3,9,0,0,3,3,6.037423728,1,4,Basic,4,4,2.45,178,4,Transition Season,2,4,1,1,63.28086262,High Risk
IN-10-09-2021-010,Gold Fields,Tarkwa,9/10/2021,Night,Yes,1,Fire,High Potential,Tailings Dam,Environmental Conditions,Procedural Failure,16002,Crusher,92.4,Highly Fractured,Moderate,Clear,Welding,Supervisor,875,18,2021,3,5,9,4,0,3,2,4.36046227,1,5,Advanced,2,4,2.8,178,4,Transition Season,2,4,1,1,63.7245353,High Risk
IN-26-09-2021-010,AngloGold Ashanti,Damang,9/26/2021,Day,Yes,1,Chemical,High Potential,Tailings Dam,Human Error,Environmental Condition,19939,Excavator,96.2,Moderate Fracturing,Moderate,Rain,Maintenance,Driver,959,31,2021,4,4,9,6,1,3,2,1.699224314,4,3,Intermediate,3,2,3.05,178,16,Transition Season,4,3,1,1,69.04404661,High Risk
IN-26-09-2021-010,Gold Fields,Ahafo,9/26/2021,Night,Yes,1,Chemical,Low,Tailings Dam,Human Error,Environmental Condition,23058,Excavator,85.9,Stable,Moderate,Clear,Lifting,Driver,859,40,2021,4,3,9,6,1,3,0,7.980419964,1,3,Basic,4,4,2.15,178,0,Transition Season,4,4,1,1,42.98242319,Medium Risk
IN-04-10-2021-010,Gold Fields,Ahafo,10/4/2021,Night,Yes,1,Vehicle,Low,Tailings Dam,Human Error,Human Behaviour,25538,Crusher,66,Moderate Fracturing,Low,Clear,Driving,Supervisor,873,36,2021,2,2,10,0,0,4,0,6.866105811,1,4,Intermediate,3,4,1.45,178,8,Transition Season,2,2,1,1,12.76392262,Low Risk
IN-16-10-2021-010,Newmont,Tarkwa,10/16/2021,Day,Yes,1,Vehicle,Critical Potential,Tailings Dam,Unsafe Driving,Procedural Failure,22709,Truck,72.2,Highly Fractured,Moderate,Clear,Welding,Supervisor,1144,34,2021,2,5,10,5,1,4,3,0.234925234,1,2,Advanced,2,2,2.7,178,12,Transition Season,2,3,1,1,62.94074231,High Risk
IN-04-11-2021-010,Gold Fields,Obuasi,11/4/2021,Night,No,0,Chemical,Low,Tailings Dam,Unsafe Driving,Environmental Condition,44890,Excavator,86.3,Moderate Fracturing,Low,Clear,Lifting,Driver,554,32,2021,4,3,11,3,0,4,0,13.13999044,1,2,Basic,4,4,2.15,178,19,Transition Season,4,4,1,1,42.98242319,Medium Risk
IN-07-11-2021-010,AngloGold Ashanti,Damang,11/7/2021,Night,Yes,1,Fall of Ground,Critical Potential,Tailings Dam,Poor Maintenance,Environmental Condition,31654,Loader,72,Stable,Moderate,Rain,Driving,Welder,820,13,2021,1,2,11,6,1,4,3,8.727621958,4,2,Basic,4,4,2.6,178,3,Transition Season,2,2,1,3,67.27004089,High Risk
IN-14-11-2021-010,Newmont,Ahafo,11/14/2021,Night,No,0,Chemical,High Potential,Tailings Dam,Unsafe Driving,Equipment Failure,10590,Loader,78.2,Highly Fractured,Low,Clear,Maintenance,Mechanic,1072,19,2021,4,4,11,6,1,4,2,6.952595945,1,2,Intermediate,3,4,2.95,178,7,Transition Season,2,4,1,1,57.51263414,High Risk
IN-24-12-2021-010,Gold Fields,Obuasi,12/24/2021,Night,No,0,Fall of Ground,Medium,Tailings Dam,Human Error,Equipment Failure,42212,Excavator,94.5,Stable,Low,Clear,Equipment Operation,Operator,698,41,2021,1,4,12,4,0,4,1,1.214174491,1,5,Basic,4,4,1.9,178,40,Dry Season,4,4,1,1,61.17445397,High Risk
IN-06-01-2022-010,AngloGold Ashanti,Tarkwa,1/6/2022,Day,No,0,Vehicle,Medium,Tailings Dam,Poor Maintenance,Procedural Failure,44194,,96.7,Moderate Fracturing,Low,Clear,Equipment Operation,Mechanic,657,3,2022,2,4,1,3,0,1,1,7.07039819,1,2,Intermediate,3,2,1.9,178,13,Dry Season,2,3,1,1,32.7685819,Medium Risk
IN-10-01-2022-010,AngloGold Ashanti,Obuasi,1/10/2022,Night,No,0,Fall of Ground,Medium,Tailings Dam,Lack of Risk Assessment,Environmental Condition,20954,Excavator,91.6,Stable,Low,Clear,Maintenance,Driver,476,20,2022,1,4,1,0,0,1,1,5.818102311,1,4,Advanced,2,4,1.8,178,4,Dry Season,4,4,1,1,61.17445397,High Risk
IN-12-01-2022-010,Newmont,Damang,1/12/2022,Day,No,0,Equipment,Medium,Tailings Dam,Human Error,Training Deficiency,21194,Excavator,87.3,Stable,Moderate,Rain,Equipment Operation,Welder,258,26,2022,1,4,1,2,0,1,1,14.95179011,4,5,Basic,4,2,2,178,2,Dry Season,4,3,1,3,66.97626075,High Risk
IN-22-01-2022-010,Newmont,Ahafo,1/22/2022,Night,No,0,Fall of Ground,Low,Tailings Dam,Human Error,Environmental Condition,36957,,80.5,Highly Fractured,Low,Rain,Maintenance,Driver,584,36,2022,1,4,1,5,1,1,0,5.688783347,4,4,Advanced,2,4,1.75,178,10,Dry Season,2,4,1,1,42.20576053,Medium Risk
IN-25-01-2022-010,AngloGold Ashanti,Tarkwa,1/25/2022,Night,No,0,Fall of Ground,High Potential,Tailings Dam,Poor Maintenance,Procedural Failure,6134,Crusher,65.5,Highly Fractured,Low,Clear,Equipment Operation,Operator,495,25,2022,1,4,1,1,0,1,2,9.8676892,1,2,Intermediate,3,4,2.2,178,3,Dry Season,2,4,1,1,57.51263414,High Risk
IN-05-03-2022-010,Gold Fields,Tarkwa,3/5/2022,Day,Yes,1,Vehicle,Low,Tailings Dam,Human Error,Training Deficiency,24942,Crusher,65,Highly Fractured,Moderate,Clear,Lifting,Supervisor,536,11,2022,2,3,3,5,1,1,0,4.722410007,1,5,Basic,4,2,1.45,178,39,Minor Rainy Season,2,3,1,1,14.57655113,Low Risk
IN-07-03-2022-010,Newmont,Tarkwa,3/7/2022,Day,No,0,Equipment,Medium,Tailings Dam,Environmental Conditions,Procedural Failure,33850,Crusher,72.1,Stable,Moderate,Extreme Heat,Welding,Welder,579,15,2022,1,5,3,0,0,1,1,8.415262742,4,3,Advanced,2,2,2.05,178,2,Minor Rainy Season,2,3,1,3,57.54621245,High Risk
IN-14-03-2022-010,Newmont,Obuasi,3/14/2022,Night,No,0,Electrical,Medium,Tailings Dam,Human Error,Human Behaviour,18878,Truck,81.8,Highly Fractured,High,Clear,Welding,Welder,1125,38,2022,1,5,3,0,0,1,1,5.406439204,1,3,Intermediate,3,4,2,178,7,Minor Rainy Season,2,4,1,1,51.74440567,High Risk
IN-23-03-2022-010,Gold Fields,Damang,3/23/2022,Day,No,0,Equipment,High Potential,Tailings Dam,Human Error,Training Deficiency,6447,Excavator,65.1,Moderate Fracturing,Moderate,Clear,Maintenance,Driver,638,37,2022,1,4,3,2,0,1,2,1.011969357,1,3,Intermediate,3,2,2,178,9,Minor Rainy Season,4,3,1,1,60.39066097,High Risk
IN-24-03-2022-010,AngloGold Ashanti,Obuasi,3/24/2022,Day,Yes,1,Fall of Ground,Medium,Tailings Dam,Design / Layout Deficiency,Equipment Failure,16737,Excavator,84.5,Stable,Low,Rain,Maintenance,Operator,710,0,2022,1,4,3,3,0,1,1,3.802828088,4,3,Intermediate,3,2,1.95,178,1,Minor Rainy Season,4,3,1,1,57.06391698,High Risk
IN-25-03-2022-010,Gold Fields,Damang,3/25/2022,Night,No,0,Equipment,High Potential,Tailings Dam,Inadequate Supervision,Equipment Failure,28963,Excavator,71,Moderate Fracturing,High,Rain,Driving,Mechanic,1105,3,2022,1,2,3,4,0,1,2,11.38052487,4,3,Intermediate,3,4,2.2,178,1,Minor Rainy Season,4,2,1,3,70.93186071,Critical Risk
IN-26-03-2022-010,AngloGold Ashanti,Damang,3/26/2022,Night,No,0,Electrical,Medium,Tailings Dam,Human Error,Human Behaviour,5191,Excavator,82.3,Stable,Low,Clear,Driving,Supervisor,314,30,2022,1,2,3,5,1,1,1,2.549211022,1,2,Intermediate,3,4,1.55,178,1,Minor Rainy Season,4,2,1,1,40.38600169,Medium Risk
IN-01-04-2022-010,Gold Fields,Obuasi,4/1/2022,Day,Yes,1,Fall of Ground,Medium,Tailings Dam,Human Error,Procedural Failure,41885,Excavator,76.6,Moderate Fracturing,Moderate,Clear,Maintenance,Supervisor,856,39,2022,1,4,4,4,0,2,1,23.36505255,1,5,Advanced,2,2,1.6,178,6,Minor Rainy Season,4,3,1,1,48.41053135,Medium Risk
IN-13-04-2022-010,Newmont,Tarkwa,4/13/2022,Night,No,0,Chemical,Medium,Tailings Dam,Design / Layout Deficiency,Environmental Condition,8164,Loader,92.9,Moderate Fracturing,Low,Clear,Lifting,Mechanic,646,28,2022,4,3,4,2,0,2,1,3.850572268,1,3,Intermediate,3,4,2.45,178,12,Minor Rainy Season,2,4,1,1,39.32060337,Medium Risk
IN-25-04-2022-010,Newmont,Ahafo,4/25/2022,Night,No,0,Equipment,Critical Potential,Tailings Dam,Poor Maintenance,Training Deficiency,39484,,68.9,Stable,Low,Clear,Equipment Operation,Operator,648,22,2022,1,4,4,0,0,2,3,3.434121855,1,5,Intermediate,3,4,2.55,178,12,Minor Rainy Season,2,4,1,1,69.49276377,High Risk
IN-02-05-2022-010,Newmont,Tarkwa,5/2/2022,Night,Yes,1,Chemical,Medium,Tailings Dam,Unsafe Driving,Environmental Condition,32236,Crusher,70.5,Highly Fractured,Low,Clear,Welding,Operator,927,35,2022,4,5,5,0,0,2,1,3.094419968,1,5,Intermediate,3,4,2.75,178,7,Minor Rainy Season,2,4,1,1,51.74440567,High Risk
IN-14-05-2022-010,Newmont,Tarkwa,5/14/2022,Night,No,0,Vehicle,Critical Potential,Tailings Dam,Human Error,Environmental Condition,30256,Crusher,86.4,Stable,Moderate,Rain,Equipment Operation,Mechanic,1064,39,2022,2,4,5,5,1,2,3,14.65286906,4,4,Intermediate,3,4,3.1,178,12,Minor Rainy Season,2,4,1,3,88.05849316,Critical Risk
IN-19-05-2022-010,Newmont,Obuasi,5/19/2022,Night,Yes,1,Electrical,Medium,Tailings Dam,Environmental Conditions,Environmental Condition,40349,Crusher,94.6,Stable,Low,Clear,Lifting,Driver,347,4,2022,1,3,5,3,0,2,1,4.859127682,1,4,Basic,4,4,1.75,178,5,Minor Rainy Season,2,4,1,1,39.32060337,Medium Risk
IN-06-06-2022-010,Gold Fields,Tarkwa,6/6/2022,Day,Yes,1,Chemical,Critical Potential,Tailings Dam,Lack of Risk Assessment,Equipment Failure,24522,Loader,69.8,Highly Fractured,Low,Clear,Welding,Mechanic,695,27,2022,4,5,6,0,0,2,3,5.213509591,1,3,Advanced,2,2,3.2,178,18,Major Rainy Season,2,3,1,1,62.94074231,High Risk
IN-07-06-2022-010,Newmont,Tarkwa,6/7/2022,Night,Yes,1,Electrical,High Potential,Tailings Dam,Environmental Conditions,Procedural Failure,39493,,79.5,Highly Fractured,Low,Clear,Equipment Operation,Mechanic,921,11,2022,1,4,6,1,0,2,2,5.843480811,1,4,Intermediate,3,4,2.2,178,1,Major Rainy Season,2,4,1,1,57.51263414,High Risk
IN-11-06-2022-010,Gold Fields,Ahafo,6/11/2022,Night,No,0,Fall of Ground,Low,Tailings Dam,Lack of Risk Assessment,Equipment Failure,12008,Crusher,70.5,Highly Fractured,Moderate,Extreme Heat,Lifting,Supervisor,884,22,2022,1,3,6,5,1,2,0,0.822954418,4,5,Basic,4,4,1.7,178,4,Major Rainy Season,2,4,1,3,45.90620314,Medium Risk
IN-19-06-2022-010,Gold Fields,Damang,6/19/2022,Night,Yes,1,Vehicle,Medium,Tailings Dam,Environmental Conditions,Human Behaviour,24158,,90.2,Highly Fractured,Low,Rain,Welding,Mechanic,1078,30,2022,2,5,6,6,1,2,1,0.035179074,4,5,Intermediate,3,4,2.55,178,8,Major Rainy Season,2,4,1,1,60.3977913,High Risk
IN-21-06-2022-010,Gold Fields,Tarkwa,6/21/2022,Day,Yes,1,Electrical,Low,Tailings Dam,Unsafe Driving,Procedural Failure,25597,Truck,96.9,Highly Fractured,High,Rain,Maintenance,Mechanic,547,37,2022,1,4,6,1,0,2,0,12.89846645,4,3,Intermediate,3,2,1.6,178,2,Major Rainy Season,2,3,1,1,29.44183791,Low Risk
IN-08-07-2022-010,Gold Fields,Ahafo,7/8/2022,Day,Yes,1,Chemical,Critical Potential,Tailings Dam,Unsafe Driving,Human Behaviour,6141,Loader,91.3,Moderate Fracturing,Low,Clear,Lifting,Supervisor,313,33,2022,4,3,7,4,0,3,3,17.1730059,1,3,Basic,4,2,3,178,17,Major Rainy Season,2,3,1,1,50.51694,High Risk
IN-23-07-2022-010,AngloGold Ashanti,Ahafo,7/23/2022,Day,No,0,Equipment,Medium,Tailings Dam,Human Error,Equipment Failure,8729,Truck,86.6,Highly Fractured,Low,Rain,Maintenance,Mechanic,502,24,2022,1,4,7,5,1,3,1,6.224863919,4,2,Intermediate,3,2,1.95,178,15,Major Rainy Season,2,3,1,1,41.42196754,Medium Risk
IN-27-07-2022-010,Gold Fields,Ahafo,7/27/2022,Night,Yes,1,Electrical,Low,Tailings Dam,Unsafe Driving,Training Deficiency,33967,,81.1,Highly Fractured,Low,High Dust,Lifting,Driver,227,6,2022,1,3,7,2,0,3,0,2.153297919,,4,Basic,4,4,,178,4,Major Rainy Season,2,4,1,3,34.36835563,Medium Risk
IN-16-08-2022-010,Newmont,Damang,8/16/2022,Night,No,0,Fall of Ground,Low,Tailings Dam,Human Error,Human Behaviour,38798,Excavator,90.9,Stable,High,Clear,Welding,Driver,638,39,2022,1,5,8,1,0,3,0,2.914321543,1,4,Intermediate,3,4,1.65,178,20,Major Rainy Season,4,4,1,1,55.40622549,High Risk
IN-03-09-2022-010,Newmont,Damang,9/3/2022,Night,Yes,1,Electrical,Medium,Tailings Dam,Human Error,Environmental Condition,21692,Loader,78.3,Stable,High,Extreme Heat,Lifting,Driver,1142,32,2022,1,3,9,5,1,3,1,0.31203763,4,5,Intermediate,3,4,2,178,18,Transition Season,2,4,1,3,57.88633276,High Risk
IN-09-09-2022-010,Gold Fields,Damang,9/9/2022,Day,Yes,1,Equipment,High Potential,Tailings Dam,Design / Layout Deficiency,Equipment Failure,19259,Loader,79,Moderate Fracturing,Low,Rain,Welding,Mechanic,649,19,2022,1,5,9,4,0,3,2,5.146735878,4,4,Advanced,2,2,2.4,178,6,Transition Season,2,3,1,1,59.61399831,High Risk
IN-21-09-2022-010,Gold Fields,Obuasi,9/21/2022,Day,No,0,Electrical,Medium,Tailings Dam,Unsafe Driving,Procedural Failure,40089,Loader,70.5,Stable,Low,Clear,Driving,Supervisor,934,29,2022,1,2,9,2,0,3,1,2.908416446,1,4,Intermediate,3,2,1.35,178,12,Transition Season,2,1,1,1,11.98012963,Low Risk
IN-04-10-2022-010,Newmont,Tarkwa,10/4/2022,Night,Yes,1,Electrical,Medium,Tailings Dam,Design / Layout Deficiency,Equipment Failure,29518,Truck,94.1,Stable,Low,Clear,Lifting,Welder,927,26,2022,1,3,10,1,0,4,1,4.768866135,1,4,Basic,4,4,1.75,178,13,Transition Season,2,4,1,1,39.32060337,Medium Risk
IN-22-10-2022-010,Newmont,Tarkwa,10/22/2022,Day,No,0,Fire,Critical Potential,Tailings Dam,Human Error,Procedural Failure,8057,,93.3,Moderate Fracturing,Moderate,Clear,Lifting,Welder,667,43,2022,3,3,10,5,1,4,3,3.261693929,1,3,Basic,4,2,2.75,178,18,Transition Season,2,3,1,1,50.51694,High Risk
IN-23-10-2022-010,AngloGold Ashanti,Damang,10/23/2022,Night,Yes,1,Chemical,Medium,Tailings Dam,Unsafe Driving,Human Behaviour,43384,Truck,65.2,Moderate Fracturing,High,Rain,Maintenance,Operator,514,44,2022,4,4,10,6,1,4,1,6.042593616,4,3,Advanced,2,4,2.85,178,1,Transition Season,2,4,1,1,54.18589015,High Risk
IN-18-11-2022-010,AngloGold Ashanti,Ahafo,11/18/2022,Day,Yes,1,Fire,Low,Tailings Dam,Human Error,Equipment Failure,8990,Excavator,85.5,Moderate Fracturing,Moderate,Rain,Driving,Welder,568,40,2022,3,2,11,4,0,4,0,6.022623671,4,4,Basic,4,2,1.85,178,26,Transition Season,4,1,1,3,34.20767884,Medium Risk
IN-18-11-2022-010,AngloGold Ashanti,Ahafo,11/18/2022,Day,No,0,Fall of Ground,Critical Potential,Tailings Dam,Human Error,Equipment Failure,34150,Loader,73.7,Highly Fractured,Moderate,Rain,Driving,Mechanic,809,36,2022,1,2,11,4,0,4,3,3.428880673,4,2,Basic,4,2,2.4,178,0,Transition Season,2,1,1,3,54.50611827,High Risk
IN-26-11-2022-010,AngloGold Ashanti,Tarkwa,11/26/2022,Day,Yes,1,Equipment,Low,Tailings Dam,Unsafe Driving,Human Behaviour,38785,Excavator,79.4,Moderate Fracturing,Low,Clear,Lifting,Mechanic,296,27,2022,1,3,11,5,1,4,0,3.67101698,1,4,Basic,4,2,1.2,178,8,Transition Season,4,3,1,1,30.21850057,Medium Risk
IN-26-11-2022-010,AngloGold Ashanti,Obuasi,11/26/2022,Night,No,0,Fire,Medium,Tailings Dam,Lack of Risk Assessment,Equipment Failure,28183,Truck,65.4,Highly Fractured,Moderate,High Dust,Equipment Operation,Supervisor,1033,25,2022,3,4,11,5,1,4,1,0.550162968,,2,Basic,4,4,,178,0,Transition Season,2,4,1,3,52.5603864,High Risk
IN-27-11-2022-010,AngloGold Ashanti,Damang,11/27/2022,Night,No,0,Fire,Critical Potential,Tailings Dam,Lack of Risk Assessment,Environmental Condition,12959,,67.5,Moderate Fracturing,Moderate,Clear,Maintenance,Supervisor,386,29,2022,3,4,11,6,1,4,3,1.69491658,1,3,Intermediate,3,4,3.05,178,1,Transition Season,2,4,1,1,69.49276377,High Risk
IN-03-12-2022-010,AngloGold Ashanti,Tarkwa,12/3/2022,Night,Yes,1,Equipment,High Potential,Tailings Dam,Unsafe Driving,Training Deficiency,40660,Truck,65.5,Moderate Fracturing,Moderate,Clear,Equipment Operation,Driver,442,44,2022,1,4,12,5,1,4,2,2.339549725,1,4,Basic,4,4,2.25,178,6,Dry Season,2,4,1,1,57.51263414,High Risk
IN-06-12-2022-010,Newmont,Tarkwa,12/6/2022,Night,No,0,Equipment,Low,Tailings Dam,Unsafe Driving,Human Behaviour,13391,Excavator,85.8,Stable,Moderate,Clear,Maintenance,Operator,448,25,2022,1,4,12,1,0,4,0,5.391405955,1,5,Intermediate,3,4,1.5,178,3,Dry Season,4,4,1,1,49.19432434,Medium Risk
IN-19-12-2022-010,Newmont,Obuasi,12/19/2022,Day,No,0,Fire,High Potential,Tailings Dam,Lack of Risk Assessment,Human Behaviour,11697,Loader,76.6,Highly Fractured,Moderate,Clear,Driving,Supervisor,1122,23,2022,3,2,12,0,0,4,2,0.31731516,1,2,Intermediate,3,2,2.2,178,13,Dry Season,2,1,1,1,23.96025925,Low Risk
IN-22-12-2022-010,Newmont,Ahafo,12/22/2022,Day,Yes,1,Fire,Critical Potential,Tailings Dam,Environmental Conditions,Procedural Failure,8815,,65.6,Moderate Fracturing,Low,Extreme Heat,Driving,Driver,448,14,2022,3,2,12,3,0,4,3,1.045863082,4,3,Intermediate,3,2,2.85,178,3,Dry Season,2,1,1,3,54.50611827,High Risk
IN-27-12-2022-010,AngloGold Ashanti,Tarkwa,12/27/2022,Night,No,0,Fire,High Potential,Tailings Dam,Poor Maintenance,Environmental Condition,35562,,90.2,Moderate Fracturing,Low,High Dust,Welding,Supervisor,561,1,2022,3,5,12,1,0,4,2,1.682882724,,3,Intermediate,3,4,,178,5,Dry Season,2,4,1,3,70.75241718,Critical Risk
IN-02-01-2023-010,Gold Fields,Tarkwa,1/2/2023,Night,Yes,1,Electrical,Medium,Tailings Dam,Human Error,Environmental Condition,38708,,80.2,Highly Fractured,Moderate,Rain,Driving,Operator,832,1,2023,1,2,1,0,0,1,1,25.26617727,4,2,Basic,4,4,1.9,178,6,Dry Season,2,2,1,3,43.30978164,Medium Risk
IN-09-01-2023-010,Newmont,Tarkwa,1/9/2023,Day,Yes,1,Fall of Ground,Low,Tailings Dam,Unsafe Driving,Training Deficiency,11213,Loader,82.6,Highly Fractured,Moderate,High Dust,Maintenance,Driver,852,37,2023,1,4,1,0,0,1,0,6.072845406,,3,Intermediate,3,2,,178,7,Dry Season,2,3,1,3,27.81633416,Low Risk
IN-02-02-2023-010,AngloGold Ashanti,Obuasi,2/2/2023,Day,Yes,1,Fall of Ground,Low,Tailings Dam,Human Error,Training Deficiency,24462,Crusher,91.7,Highly Fractured,Low,Rain,Maintenance,Welder,689,35,2023,1,4,2,3,0,1,0,0.426298463,4,5,Intermediate,3,2,1.6,178,24,Dry Season,2,3,1,1,29.44183791,Low Risk
IN-11-02-2023-010,AngloGold Ashanti,Tarkwa,2/11/2023,Day,Yes,1,Fire,Medium,Tailings Dam,Poor Maintenance,Environmental Condition,5294,Truck,89.5,Highly Fractured,High,Rain,Welding,Welder,571,9,2023,3,5,2,5,1,1,1,14.39339982,4,2,Intermediate,3,2,2.6,178,9,Dry Season,2,3,1,1,47.63386869,Medium Risk
IN-17-02-2023-010,AngloGold Ashanti,Obuasi,2/17/2023,Night,Yes,1,Electrical,Medium,Tailings Dam,Lack of Risk Assessment,Human Behaviour,16017,Excavator,81.8,Stable,Low,Clear,Maintenance,Driver,568,15,2023,1,4,2,4,0,1,1,1.758527322,1,2,Intermediate,3,4,1.85,178,6,Dry Season,4,4,1,1,61.17445397,High Risk
IN-17-02-2023-010,AngloGold Ashanti,Obuasi,2/17/2023,Night,Yes,1,Chemical,High Potential,Tailings Dam,Unsafe Driving,Training Deficiency,33365,Truck,71.3,Stable,Low,Clear,Welding,Welder,614,11,2023,4,5,2,4,0,1,2,2.523048738,1,5,Intermediate,3,4,3.1,178,0,Dry Season,2,4,1,1,63.7245353,High Risk
IN-14-03-2023-010,Newmont,Tarkwa,3/14/2023,Day,No,0,Vehicle,High Potential,Tailings Dam,Lack of Risk Assessment,Human Behaviour,14843,Truck,69.8,Moderate Fracturing,Moderate,Clear,Driving,Operator,991,11,2023,2,2,3,1,0,1,2,3.187806228,1,3,Intermediate,3,2,1.95,178,25,Minor Rainy Season,2,1,1,1,23.96025925,Low Risk
IN-17-03-2023-010,AngloGold Ashanti,Obuasi,3/17/2023,Night,No,0,Fire,Medium,Tailings Dam,Design / Layout Deficiency,Human Behaviour,44873,Truck,94.8,Moderate Fracturing,Low,Clear,Equipment Operation,Mechanic,868,15,2023,3,4,3,4,0,1,1,1.671286857,1,3,Intermediate,3,4,2.35,178,3,Minor Rainy Season,2,4,1,1,45.53250452,Medium Risk
IN-27-03-2023-010,Newmont,Obuasi,3/27/2023,Day,Yes,1,Fire,Medium,Tailings Dam,Human Error,Environmental Condition,42306,Excavator,96.2,Highly Fractured,Moderate,Fog,Equipment Operation,Driver,901,33,2023,3,4,3,0,0,1,1,1.300219572,2,4,Intermediate,3,2,2.25,178,10,Minor Rainy Season,4,3,1,1,51.29499323,High Risk
IN-02-04-2023-010,Gold Fields,Obuasi,4/2/2023,Night,Yes,1,Vehicle,Medium,Tailings Dam,Unsafe Driving,Training Deficiency,33341,Crusher,78.1,Stable,Moderate,Clear,Lifting,Supervisor,818,19,2023,2,3,4,6,1,2,1,0.666356171,1,2,Basic,4,4,2,178,6,Minor Rainy Season,2,4,1,1,39.32060337,Medium Risk
IN-09-05-2023-010,Newmont,Tarkwa,5/9/2023,Day,Yes,1,Electrical,High Potential,Tailings Dam,Human Error,Equipment Failure,14491,Excavator,86.4,Moderate Fracturing,Low,Clear,Equipment Operation,Welder,1135,35,2023,1,4,5,1,0,2,2,8.860396122,1,4,Basic,4,2,2.05,178,37,Minor Rainy Season,4,3,1,1,60.39066097,High Risk
IN-20-05-2023-010,Gold Fields,Obuasi,5/20/2023,Day,Yes,1,Fire,Medium,Tailings Dam,Unsafe Driving,Human Behaviour,40912,Crusher,86.4,Stable,Moderate,High Dust,Maintenance,Supervisor,750,43,2023,3,4,5,5,1,2,1,0.574804319,,3,Intermediate,3,2,,178,11,Minor Rainy Season,2,3,1,3,39.79646379,Medium Risk
IN-09-06-2023-010,Gold Fields,Damang,6/9/2023,Day,No,0,Fire,Low,Tailings Dam,Human Error,Environmental Condition,43379,,93.5,Stable,Moderate,Clear,Driving,Operator,901,3,2023,3,2,6,4,0,2,0,6.820104762,1,2,Intermediate,3,2,1.5,178,20,Major Rainy Season,2,1,1,1,0,Low Risk
IN-20-06-2023-010,Gold Fields,Tarkwa,6/20/2023,Night,Yes,1,Fall of Ground,Low,Tailings Dam,Design / Layout Deficiency,Procedural Failure,35563,Excavator,83.7,Stable,Low,Clear,Driving,Supervisor,1106,30,2023,1,2,6,1,0,2,0,3.792025901,1,3,Basic,4,4,1.25,178,11,Major Rainy Season,4,2,1,1,28.40587206,Low Risk
IN-03-07-2023-010,AngloGold Ashanti,Damang,7/3/2023,Night,Yes,1,Chemical,Critical Potential,Tailings Dam,Unsafe Driving,Environmental Condition,23015,,67.4,Stable,Moderate,Extreme Heat,Lifting,Welder,1129,32,2023,4,3,7,0,0,3,3,3.214294207,4,3,Basic,4,4,3.5,178,13,Major Rainy Season,2,4,1,3,81.84659201,Critical Risk
IN-11-07-2023-010,AngloGold Ashanti,Obuasi,7/11/2023,Day,Yes,1,Vehicle,Critical Potential,Tailings Dam,Lack of Risk Assessment,Equipment Failure,30457,Crusher,81,Highly Fractured,Moderate,Clear,Maintenance,Operator,759,25,2023,2,4,7,1,0,3,3,1.943654751,1,5,Intermediate,3,2,2.6,178,8,Major Rainy Season,2,3,1,1,56.72884115,High Risk
IN-18-07-2023-010,AngloGold Ashanti,Ahafo,7/18/2023,Night,Yes,1,Chemical,Medium,Tailings Dam,Inadequate Supervision,Procedural Failure,44574,Crusher,86.5,Highly Fractured,Low,High Dust,Maintenance,Mechanic,493,25,2023,4,4,7,1,0,3,1,0.137758266,,3,Intermediate,3,4,,178,7,Major Rainy Season,2,4,1,3,52.5603864,High Risk
IN-25-07-2023-010,Gold Fields,Tarkwa,7/25/2023,Day,No,0,Vehicle,Medium,Tailings Dam,Unsafe Driving,Training Deficiency,9512,Excavator,77,Moderate Fracturing,Moderate,Extreme Heat,Maintenance,Driver,287,19,2023,2,4,7,1,0,3,1,1.659938453,4,4,Intermediate,3,2,2.2,178,7,Major Rainy Season,4,3,1,3,66.97626075,High Risk
IN-13-08-2023-010,Gold Fields,Damang,8/13/2023,Night,Yes,1,Fall of Ground,Medium,Tailings Dam,Design / Layout Deficiency,Equipment Failure,40862,Loader,85.6,Highly Fractured,Low,High Dust,Welding,Driver,809,28,2023,1,5,8,6,1,3,1,4.026505516,,3,Intermediate,3,4,,178,19,Major Rainy Season,2,4,1,3,58.77228756,High Risk
IN-16-08-2023-010,Newmont,Tarkwa,8/16/2023,Day,No,0,Fire,Low,Tailings Dam,Unsafe Driving,Equipment Failure,32916,,68,Highly Fractured,Moderate,Clear,Maintenance,Welder,592,31,2023,3,4,8,2,0,3,0,0.344901604,1,2,Intermediate,3,2,1.8,178,3,Major Rainy Season,2,3,1,1,20.78845228,Low Risk
IN-18-08-2023-010,Gold Fields,Tarkwa,8/18/2023,Day,Yes,1,Fire,Low,Tailings Dam,Poor Maintenance,Human Behaviour,5632,Truck,82.9,Moderate Fracturing,Low,Fog,Equipment Operation,Supervisor,1191,19,2023,3,4,8,4,0,3,0,4.20807517,2,2,Basic,4,2,1.95,178,2,Major Rainy Season,2,3,1,1,23.67291416,Low Risk
IN-10-09-2023-010,AngloGold Ashanti,Obuasi,9/10/2023,Day,Yes,1,Fire,Critical Potential,Tailings Dam,Design / Layout Deficiency,Environmental Condition,5797,Loader,73.5,Highly Fractured,Low,Clear,Equipment Operation,Welder,601,15,2023,3,4,9,6,1,3,3,5.540168277,1,3,Intermediate,3,2,2.85,178,23,Transition Season,2,3,1,1,56.72884115,High Risk
IN-20-09-2023-010,Gold Fields,Tarkwa,9/20/2023,Night,Yes,1,Equipment,High Potential,Tailings Dam,Human Error,Procedural Failure,6995,,94.2,Moderate Fracturing,Low,Rain,Welding,Welder,904,40,2023,1,5,9,2,0,3,2,13.74052308,4,3,Advanced,2,4,2.6,178,10,Transition Season,2,4,1,1,72.37792093,Critical Risk
IN-03-10-2023-010,Gold Fields,Obuasi,10/3/2023,Day,Yes,1,Electrical,Low,Tailings Dam,Lack of Risk Assessment,Environmental Condition,11922,Loader,83.5,Moderate Fracturing,Low,Clear,Lifting,Driver,697,9,2023,1,3,10,1,0,4,0,11.19290958,1,3,Basic,4,2,1.2,178,13,Transition Season,2,3,1,1,14.57655113,Low Risk
IN-07-11-2023-010,Newmont,Ahafo,11/7/2023,Night,No,0,Chemical,Critical Potential,Tailings Dam,Human Error,Training Deficiency,19294,Crusher,77.5,Stable,Low,Extreme Heat,Equipment Operation,Mechanic,1027,44,2023,4,4,11,1,0,4,3,4.088452165,4,2,Basic,4,4,3.65,178,35,Transition Season,2,4,1,3,88.05849316,Critical Risk
IN-08-11-2023-010,Newmont,Tarkwa,11/8/2023,Night,Yes,1,Fall of Ground,Low,Tailings Dam,Human Error,Training Deficiency,13328,,66.3,Moderate Fracturing,Low,Clear,Equipment Operation,Mechanic,542,36,2023,1,4,11,2,0,4,0,4.131513784,1,5,Intermediate,3,4,1.5,178,1,Transition Season,2,4,1,1,33.55237489,Medium Risk
IN-08-11-2023-010,AngloGold Ashanti,Damang,11/8/2023,Day,No,0,Chemical,Critical Potential,Tailings Dam,Inadequate Supervision,Human Behaviour,42564,Crusher,96.1,Highly Fractured,Low,Rain,Maintenance,Mechanic,1015,23,2023,4,4,11,2,0,4,3,4.902841036,4,4,Intermediate,3,2,3.4,178,0,Transition Season,2,3,1,1,65.38222679,High Risk
IN-10-12-2023-010,AngloGold Ashanti,Obuasi,12/10/2023,Day,Yes,1,Electrical,High Potential,Tailings Dam,Human Error,Environmental Condition,40361,Crusher,86.8,Stable,Low,High Dust,Lifting,Welder,854,42,2023,1,3,12,6,1,4,2,4.277692329,,3,Intermediate,3,2,,178,32,Dry Season,2,3,1,3,45.56469226,Medium Risk
IN-15-12-2023-010,Gold Fields,Damang,12/15/2023,Night,Yes,1,Equipment,High Potential,Tailings Dam,Unsafe Driving,Human Behaviour,22862,Loader,81.1,Stable,Low,Clear,Welding,Driver,1198,20,2023,1,5,12,4,0,4,2,2.624508867,1,4,Advanced,2,4,2.3,178,5,Dry Season,2,4,1,1,63.7245353,High Risk
IN-26-12-2023-010,Gold Fields,Obuasi,12/26/2023,Day,No,0,Vehicle,Critical Potential,Tailings Dam,Human Error,Procedural Failure,10813,Excavator,96.5,Stable,Low,Clear,Equipment Operation,Driver,499,12,2023,2,4,12,1,0,4,3,16.98722849,1,4,Basic,4,2,2.65,178,11,Dry Season,4,3,1,1,72.3707906,Critical Risk
IN-26-12-2023-010,Gold Fields,Obuasi,12/26/2023,Day,Yes,1,Fall of Ground,Critical Potential,Tailings Dam,Lack of Risk Assessment,Human Behaviour,37844,Crusher,95.6,Highly Fractured,Low,Clear,Welding,Supervisor,688,19,2023,1,5,12,1,0,4,3,3.55470359,1,3,Intermediate,3,2,2.5,178,0,Dry Season,2,3,1,1,62.94074231,High Risk
IN-27-12-2023-010,Newmont,Obuasi,12/27/2023,Night,No,0,Electrical,Low,Tailings Dam,Unsafe Driving,Environmental Condition,20765,,95.5,Highly Fractured,Moderate,Rain,Maintenance,Supervisor,435,15,2023,1,4,12,2,0,4,0,8.406072614,4,2,Advanced,2,4,1.75,178,1,Dry Season,2,4,1,1,42.20576053,Medium Risk
IN-03-01-2024-010,AngloGold Ashanti,Ahafo,1/3/2024,Night,Yes,1,Equipment,Medium,Tailings Dam,Unsafe Driving,Environmental Condition,9359,Loader,65.4,Stable,Low,Clear,Equipment Operation,Welder,225,25,2024,1,4,1,2,0,1,1,2.819508095,1,5,Basic,4,4,1.9,178,7,Dry Season,2,4,1,1,45.53250452,Medium Risk
IN-09-01-2024-010,AngloGold Ashanti,Obuasi,1/9/2024,Day,Yes,1,Fall of Ground,High Potential,Tailings Dam,Unsafe Driving,Procedural Failure,6919,Crusher,89.2,Highly Fractured,Low,Extreme Heat,Welding,Operator,236,39,2024,1,5,1,1,0,1,2,1.989094159,4,5,Intermediate,3,2,2.45,178,6,Dry Season,2,3,1,3,69.52634208,High Risk
IN-14-01-2024-010,AngloGold Ashanti,Tarkwa,1/14/2024,Day,Yes,1,Vehicle,Medium,Tailings Dam,Inadequate Supervision,Human Behaviour,11766,Crusher,70.3,Moderate Fracturing,Low,Clear,Equipment Operation,Welder,1031,7,2024,2,4,1,6,1,1,1,5.847979733,1,5,Basic,4,2,1.95,178,5,Dry Season,2,3,1,1,32.7685819,Medium Risk
IN-15-01-2024-010,Gold Fields,Ahafo,1/15/2024,Day,Yes,1,Electrical,Low,Tailings Dam,Unsafe Driving,Equipment Failure,15858,Excavator,96.3,Highly Fractured,Moderate,Rain,Equipment Operation,Supervisor,423,38,2024,1,4,1,0,0,1,0,2.10718068,4,3,Basic,4,2,1.65,178,1,Dry Season,4,3,1,3,54.99613112,High Risk
IN-20-01-2024-010,Newmont,Ahafo,1/20/2024,Day,No,0,Electrical,Critical Potential,Tailings Dam,Human Error,Equipment Failure,22198,,68.9,Highly Fractured,Low,Rain,Welding,Driver,359,43,2024,1,5,1,5,1,1,3,22.33485373,4,2,Intermediate,3,2,2.8,178,5,Dry Season,2,3,1,1,71.59412794,Critical Risk
IN-25-01-2024-010,AngloGold Ashanti,Tarkwa,1/25/2024,Day,No,0,Fall of Ground,High Potential,Tailings Dam,Human Error,Procedural Failure,19669,Crusher,96.6,Moderate Fracturing,Low,Clear,Driving,Supervisor,357,35,2024,1,2,1,3,0,1,2,4.51701142,1,3,Intermediate,3,2,1.7,178,5,Dry Season,2,1,1,1,23.96025925,Low Risk
IN-10-02-2024-010,AngloGold Ashanti,Damang,2/10/2024,Night,No,0,Chemical,Low,Tailings Dam,Human Error,Environmental Condition,9617,Truck,69.8,Stable,High,Clear,Lifting,Driver,1162,18,2024,4,3,2,5,1,1,0,1.59070107,1,4,Basic,4,4,2.15,178,16,Dry Season,2,4,1,1,27.34047374,Low Risk
IN-17-02-2024-010,Newmont,Obuasi,2/17/2024,Day,No,0,Electrical,Medium,Tailings Dam,Unsafe Driving,Environmental Condition,28382,Crusher,74.8,Stable,Low,Extreme Heat,Welding,Welder,257,43,2024,1,5,2,5,1,1,1,1.350093519,4,3,Advanced,2,2,2.05,178,7,Dry Season,2,3,1,3,57.54621245,High Risk
IN-02-03-2024-010,Newmont,Damang,3/2/2024,Day,Yes,1,Vehicle,High Potential,Tailings Dam,Human Error,Environmental Condition,33490,,95.8,Stable,Low,Clear,Maintenance,Driver,653,38,2024,2,4,3,5,1,1,2,15.66911825,1,4,Advanced,2,2,2.2,178,14,Minor Rainy Season,2,3,1,1,44.74871153,Medium Risk
IN-22-03-2024-010,Gold Fields,Damang,3/22/2024,Night,Yes,1,Vehicle,Low,Tailings Dam,Poor Maintenance,Equipment Failure,31911,Excavator,75.9,Highly Fractured,High,Fog,Welding,Welder,901,21,2024,2,5,3,4,0,1,0,5.35408603,2,3,Advanced,2,4,1.95,178,20,Minor Rainy Season,4,4,1,1,58.29068737,High Risk
IN-22-03-2024-010,Newmont,Obuasi,3/22/2024,Night,Yes,1,Chemical,High Potential,Tailings Dam,Inadequate Supervision,Training Deficiency,37926,Crusher,71.2,Stable,Low,Clear,Lifting,Welder,478,20,2024,4,3,3,4,0,1,2,4.406077171,1,5,Intermediate,3,4,2.8,178,0,Minor Rainy Season,2,4,1,1,51.30073299,High Risk
IN-01-04-2024-010,Gold Fields,Damang,4/1/2024,Day,No,0,Electrical,Low,Tailings Dam,Design / Layout Deficiency,Human Behaviour,29796,Crusher,97.2,Moderate Fracturing,Moderate,Clear,Welding,Mechanic,800,14,2024,1,5,4,0,0,2,0,3.586163138,1,4,Intermediate,3,2,1.45,178,10,Minor Rainy Season,2,3,1,1,27.00035343,Low Risk
IN-12-04-2024-010,Newmont,Damang,4/12/2024,Day,No,0,Fire,Medium,Tailings Dam,Human Error,Human Behaviour,14470,Loader,83.9,Highly Fractured,Moderate,Rain,Equipment Operation,Welder,683,35,2024,3,4,4,4,0,2,1,4.245123465,4,2,Intermediate,3,2,2.45,178,11,Minor Rainy Season,2,3,1,3,51.3343113,High Risk
IN-18-04-2024-010,Gold Fields,Ahafo,4/18/2024,Night,No,0,Fall of Ground,Critical Potential,Tailings Dam,Poor Maintenance,Procedural Failure,11569,Crusher,81.7,Stable,Moderate,High Dust,Lifting,Driver,358,0,2024,1,3,4,3,0,2,3,3.315010602,,2,Basic,4,4,,178,6,Minor Rainy Season,2,4,1,3,70.3087445,Critical Risk
IN-27-04-2024-010,Gold Fields,Tarkwa,4/27/2024,Day,Yes,1,Fall of Ground,High Potential,Tailings Dam,Human Error,Environmental Condition,13747,Crusher,70.7,Stable,High,Clear,Lifting,Supervisor,868,41,2024,1,3,4,5,1,2,2,4.843524195,1,5,Basic,4,2,1.9,178,9,Minor Rainy Season,2,3,1,1,38.53681038,Medium Risk
IN-01-05-2024-010,AngloGold Ashanti,Tarkwa,5/1/2024,Day,No,0,Chemical,Medium,Tailings Dam,Lack of Risk Assessment,Training Deficiency,9841,,71.5,Moderate Fracturing,High,Clear,Driving,Operator,235,28,2024,4,2,5,2,0,2,1,7.896067725,1,3,Basic,4,2,2.15,178,4,Minor Rainy Season,2,1,1,1,11.98012963,Low Risk
IN-07-05-2024-010,AngloGold Ashanti,Damang,5/7/2024,Night,Yes,1,Chemical,Medium,Tailings Dam,Human Error,Procedural Failure,42710,Loader,65.7,Moderate Fracturing,Low,High Dust,Welding,Supervisor,995,42,2024,4,5,5,1,0,2,1,9.048343303,,4,Advanced,2,4,,178,6,Minor Rainy Season,2,4,1,3,58.77228756,High Risk
IN-02-06-2024-010,AngloGold Ashanti,Damang,6/2/2024,Day,No,0,Fire,Low,Tailings Dam,Human Error,Training Deficiency,13052,Crusher,65.5,Stable,Moderate,Clear,Equipment Operation,Operator,373,43,2024,3,4,6,6,1,2,0,1.741937035,1,3,Basic,4,2,1.85,178,26,Major Rainy Season,2,3,1,1,20.78845228,Low Risk
IN-05-06-2024-010,Gold Fields,Tarkwa,6/5/2024,Day,No,0,Chemical,Critical Potential,Tailings Dam,Inadequate Supervision,Procedural Failure,39923,Truck,72.4,Moderate Fracturing,Moderate,Clear,Welding,Mechanic,238,25,2024,4,5,6,2,0,2,3,2.380708171,1,4,Advanced,2,2,3.2,178,3,Major Rainy Season,2,3,1,1,62.94074231,High Risk
IN-09-06-2024-010,Newmont,Obuasi,6/9/2024,Day,No,0,Vehicle,Critical Potential,Tailings Dam,Lack of Risk Assessment,Environmental Condition,12176,Excavator,78.6,Moderate Fracturing,High,Clear,Maintenance,Driver,509,15,2024,2,4,6,6,1,2,3,13.95730184,1,3,Intermediate,3,2,2.6,178,4,Major Rainy Season,4,3,1,1,72.3707906,Critical Risk
IN-23-06-2024-010,Newmont,Ahafo,6/23/2024,Night,No,0,Fire,Medium,Tailings Dam,Poor Maintenance,Training Deficiency,28450,Loader,83.1,Moderate Fracturing,Low,Rain,Maintenance,Operator,516,19,2024,3,4,6,6,1,2,1,2.349746242,4,3,Advanced,2,4,2.6,178,14,Major Rainy Season,2,4,1,1,54.18589015,High Risk
IN-24-06-2024-010,AngloGold Ashanti,Damang,6/24/2024,Night,No,0,Electrical,High Potential,Tailings Dam,Unsafe Driving,Environmental Condition,28221,Loader,81.9,Moderate Fracturing,Low,High Dust,Equipment Operation,Operator,1051,44,2024,1,4,6,0,0,2,2,3.14493665,,4,Intermediate,3,4,,178,1,Major Rainy Season,2,4,1,3,64.54051603,High Risk
IN-05-07-2024-010,Newmont,Tarkwa,7/5/2024,Night,Yes,1,Electrical,Critical Potential,Tailings Dam,Design / Layout Deficiency,Training Deficiency,19568,Truck,91.1,Stable,Low,Clear,Welding,Supervisor,783,14,2024,1,5,7,4,0,3,3,5.986427061,1,3,Intermediate,3,4,2.7,178,11,Major Rainy Season,2,4,1,1,75.70466492,Critical Risk
IN-13-07-2024-010,Newmont,Damang,7/13/2024,Night,No,0,Equipment,Medium,Tailings Dam,Human Error,Human Behaviour,20225,Crusher,97.4,Highly Fractured,Low,Rain,Equipment Operation,Driver,457,44,2024,1,4,7,5,1,3,1,8.552902477,4,3,Intermediate,3,4,2.15,178,8,Major Rainy Season,2,4,1,3,64.09823391,High Risk
IN-16-07-2024-010,Gold Fields,Ahafo,7/16/2024,Day,No,0,Vehicle,Medium,Tailings Dam,Unsafe Driving,Human Behaviour,39227,Truck,75.9,Highly Fractured,Low,High Dust,Welding,Supervisor,940,39,2024,2,5,7,1,0,3,1,10.79791485,,4,Intermediate,3,2,,178,3,Major Rainy Season,2,3,1,3,46.00836494,Medium Risk
IN-01-08-2024-010,AngloGold Ashanti,Obuasi,8/1/2024,Day,Yes,1,Fire,High Potential,Tailings Dam,Unsafe Driving,Training Deficiency,20513,Crusher,83.5,Highly Fractured,Low,Clear,Maintenance,Supervisor,965,38,2024,3,4,8,3,0,3,2,5.78713732,1,5,Intermediate,3,2,2.5,178,16,Major Rainy Season,2,3,1,1,44.74871153,Medium Risk
IN-01-08-2024-010,AngloGold Ashanti,Tarkwa,8/1/2024,Night,Yes,1,Electrical,Medium,Tailings Dam,Poor Maintenance,Procedural Failure,8959,Loader,92.6,Moderate Fracturing,Low,Clear,Equipment Operation,Welder,568,18,2024,1,4,8,3,0,3,1,0.417870136,1,3,Basic,4,4,1.9,178,0,Major Rainy Season,2,4,1,1,45.53250452,Medium Risk
IN-10-08-2024-010,AngloGold Ashanti,Tarkwa,8/10/2024,Day,Yes,1,Vehicle,Medium,Tailings Dam,Unsafe Driving,Equipment Failure,23799,,97.2,Highly Fractured,Moderate,Clear,Maintenance,Supervisor,783,11,2024,2,4,8,5,1,3,1,8.170145279,1,2,Advanced,2,2,1.85,178,9,Major Rainy Season,2,3,1,1,32.7685819,Medium Risk
IN-12-08-2024-010,Newmont,Damang,8/12/2024,Day,No,0,Vehicle,Critical Potential,Tailings Dam,Human Error,Procedural Failure,44501,Truck,91,Highly Fractured,Low,Fog,Driving,Welder,860,39,2024,2,2,8,0,0,3,3,3.095681876,2,4,Intermediate,3,2,2.4,178,2,Major Rainy Season,2,1,1,1,38.82485075,Medium Risk
IN-20-08-2024-010,AngloGold Ashanti,Ahafo,8/20/2024,Night,No,0,Vehicle,Low,Tailings Dam,Design / Layout Deficiency,Environmental Condition,34389,Excavator,86.7,Highly Fractured,Low,Rain,Maintenance,Supervisor,810,14,2024,2,4,8,1,0,3,0,0.16217753,4,2,Intermediate,3,4,2.05,178,8,Major Rainy Season,4,4,1,1,57.84770997,High Risk
IN-06-09-2024-010,Newmont,Obuasi,9/6/2024,Night,Yes,1,Fall of Ground,High Potential,Tailings Dam,Lack of Risk Assessment,Environmental Condition,12188,Truck,65.1,Moderate Fracturing,Low,Clear,Lifting,Mechanic,695,29,2024,1,3,9,4,0,3,2,9.200159596,1,2,Intermediate,3,4,2.05,178,17,Transition Season,2,4,1,1,51.30073299,High Risk
IN-09-09-2024-010,Gold Fields,Damang,9/9/2024,Day,Yes,1,Fire,Critical Potential,Tailings Dam,Unsafe Driving,Training Deficiency,26291,Truck,75.6,Highly Fractured,Moderate,Clear,Lifting,Mechanic,556,32,2024,3,3,9,0,0,3,3,6.82065098,1,2,Basic,4,2,2.75,178,3,Transition Season,2,3,1,1,50.51694,High Risk
IN-12-09-2024-010,Newmont,Damang,9/12/2024,Day,Yes,1,Chemical,Critical Potential,Tailings Dam,Environmental Conditions,Training Deficiency,23675,Crusher,87.9,Moderate Fracturing,Moderate,Rain,Equipment Operation,Driver,1017,21,2024,4,4,9,3,0,3,3,4.243482118,4,3,Intermediate,3,2,3.4,178,3,Transition Season,2,3,1,3,75.29457055,Critical Risk
IN-16-10-2024-010,Gold Fields,Damang,10/16/2024,Night,No,0,Fall of Ground,High Potential,Tailings Dam,Human Error,Equipment Failure,15745,Truck,68.9,Moderate Fracturing,Low,High Dust,Equipment Operation,Supervisor,316,33,2024,1,4,10,2,0,4,2,0.11388781,,3,Intermediate,3,4,,178,34,Transition Season,2,4,1,3,64.54051603,High Risk
IN-06-11-2024-010,AngloGold Ashanti,Damang,11/6/2024,Day,Yes,1,Electrical,Medium,Tailings Dam,Lack of Risk Assessment,Training Deficiency,26527,Loader,72.5,Stable,Moderate,Rain,Maintenance,Supervisor,230,3,2024,1,4,11,2,0,4,1,10.94112176,4,2,Intermediate,3,2,1.95,178,21,Transition Season,2,3,1,1,41.42196754,Medium Risk
IN-09-11-2024-010,Newmont,Damang,11/9/2024,Day,Yes,1,Chemical,High Potential,Tailings Dam,Design / Layout Deficiency,Equipment Failure,32617,Excavator,79.9,Stable,High,Rain,Welding,Mechanic,982,12,2024,4,5,11,5,1,4,2,4.161926329,4,2,Intermediate,3,2,3.2,178,3,Transition Season,4,3,1,1,75.25594776,Critical Risk
IN-09-11-2024-010,AngloGold Ashanti,Ahafo,11/9/2024,Day,No,0,Chemical,Low,Tailings Dam,Human Error,Environmental Condition,36018,Crusher,79.3,Highly Fractured,Moderate,Clear,Equipment Operation,Supervisor,953,36,2024,4,4,11,5,1,4,0,0.536279339,1,2,Basic,4,2,2.1,178,0,Transition Season,2,3,1,1,20.78845228,Low Risk
IN-14-11-2024-010,Gold Fields,Tarkwa,11/14/2024,Night,No,0,Fall of Ground,Low,Tailings Dam,Unsafe Driving,Equipment Failure,14678,Loader,92.8,Highly Fractured,High,Rain,Maintenance,Operator,443,35,2024,1,4,11,3,0,4,0,0.947843964,4,2,Advanced,2,4,1.75,178,5,Transition Season,2,4,1,1,42.20576053,Medium Risk
IN-14-11-2024-010,AngloGold Ashanti,Tarkwa,11/14/2024,Night,Yes,1,Vehicle,High Potential,Tailings Dam,Lack of Risk Assessment,Training Deficiency,40847,Excavator,68,Moderate Fracturing,High,Rain,Maintenance,Operator,645,15,2024,2,4,11,3,0,4,2,3.563873515,4,5,Advanced,2,4,2.7,178,0,Transition Season,4,4,1,1,81.80796922,Critical Risk
IN-24-11-2024-010,AngloGold Ashanti,Obuasi,11/24/2024,Night,Yes,1,Fire,Medium,Tailings Dam,Human Error,Environmental Condition,30010,,94.3,Stable,Moderate,Clear,Maintenance,Driver,541,43,2024,3,4,11,6,1,4,1,5.296096112,1,3,Intermediate,3,4,2.35,178,10,Transition Season,2,4,1,1,45.53250452,Medium Risk
IN-27-11-2024-010,Gold Fields,Damang,11/27/2024,Day,Yes,1,Chemical,Medium,Tailings Dam,Human Error,Human Behaviour,14178,Truck,97,Stable,Moderate,High Dust,Welding,Driver,416,4,2024,4,5,11,2,0,4,1,10.7901403,,2,Intermediate,3,2,,178,3,Transition Season,2,3,1,3,46.00836494,Medium Risk
IN-01-12-2024-010,AngloGold Ashanti,Obuasi,12/1/2024,Day,No,0,Fall of Ground,High Potential,Tailings Dam,Unsafe Driving,Equipment Failure,26537,Excavator,85.9,Highly Fractured,Moderate,Clear,Equipment Operation,Supervisor,633,44,2024,1,4,12,6,1,4,2,3.13817052,1,3,Intermediate,3,2,2,178,4,Dry Season,4,3,1,1,60.39066097,High Risk
IN-02-12-2024-010,Newmont,Tarkwa,12/2/2024,Day,Yes,1,Fire,Medium,Tailings Dam,Human Error,Human Behaviour,37917,Crusher,69.2,Moderate Fracturing,Moderate,Clear,Welding,Driver,494,35,2024,3,5,12,0,0,4,1,1.077670353,1,3,Intermediate,3,2,2.3,178,1,Dry Season,2,3,1,1,38.98048306,Medium Risk
IN-02-01-2025-010,AngloGold Ashanti,Ahafo,1/2/2025,Day,No,0,Vehicle,High Potential,Tailings Dam,Human Error,Human Behaviour,39810,Truck,68.9,Stable,Low,Clear,Maintenance,Driver,748,39,2025,2,4,1,3,0,1,2,13.28734623,1,4,Intermediate,3,2,2.25,178,31,Dry Season,2,3,1,1,44.74871153,Medium Risk
IN-11-01-2025-010,Gold Fields,Damang,1/11/2025,Night,Yes,1,Chemical,Critical Potential,Tailings Dam,Unsafe Driving,Environmental Condition,6528,Crusher,80.9,Stable,Low,Fog,Equipment Operation,Operator,822,7,2025,4,4,1,5,1,1,3,1.007287318,2,2,Basic,4,4,3.45,178,9,Dry Season,2,4,1,1,72.37722565,Critical Risk
IN-14-01-2025-010,Gold Fields,Ahafo,1/14/2025,Day,Yes,1,Equipment,Medium,Tailings Dam,Human Error,Environmental Condition,8956,Loader,77.7,Highly Fractured,Low,Rain,Lifting,Welder,819,42,2025,1,3,1,1,0,1,1,8.065271512,4,3,Intermediate,3,2,1.8,178,3,Dry Season,2,3,1,1,35.21006638,Medium Risk
IN-23-01-2025-010,Gold Fields,Damang,1/23/2025,Night,Yes,1,Fall of Ground,High Potential,Tailings Dam,Design / Layout Deficiency,Training Deficiency,15033,Truck,77.1,Moderate Fracturing,Low,Fog,Driving,Driver,883,2,2025,1,2,1,3,0,1,2,3.15765856,2,3,Basic,4,4,2.05,178,9,Dry Season,2,2,1,1,39.60864374,Medium Risk
IN-07-02-2025-010,Newmont,Ahafo,2/7/2025,Day,No,0,Vehicle,Medium,Tailings Dam,Design / Layout Deficiency,Procedural Failure,10095,Loader,84.6,Moderate Fracturing,Low,Clear,Equipment Operation,Welder,214,9,2025,2,4,2,4,0,1,1,8.186366633,1,2,Intermediate,3,2,1.9,178,15,Dry Season,2,3,1,1,32.7685819,Medium Risk
IN-20-02-2025-010,AngloGold Ashanti,Ahafo,2/20/2025,Day,Yes,1,Vehicle,Medium,Tailings Dam,Human Error,Environmental Condition,29180,Loader,87.6,Highly Fractured,Low,Rain,Maintenance,Mechanic,267,32,2025,2,4,2,3,0,1,1,0.03524186,4,2,Intermediate,3,2,2.2,178,13,Dry Season,2,3,1,1,41.42196754,Medium Risk
IN-07-03-2025-010,AngloGold Ashanti,Obuasi,3/7/2025,Day,No,0,Electrical,Medium,Tailings Dam,Poor Maintenance,Training Deficiency,19860,Loader,96,Stable,Low,High Dust,Equipment Operation,Supervisor,904,5,2025,1,4,3,4,0,1,1,2.383279717,,4,Basic,4,2,,178,15,Minor Rainy Season,2,3,1,3,39.79646379,Medium Risk
IN-10-03-2025-010,AngloGold Ashanti,Tarkwa,3/10/2025,Night,No,0,Electrical,Medium,Tailings Dam,Human Error,Equipment Failure,24861,Loader,93,Stable,Low,Clear,Equipment Operation,Supervisor,705,2,2025,1,4,3,0,0,1,1,3.458051239,1,3,Intermediate,3,4,1.85,178,3,Minor Rainy Season,2,4,1,1,45.53250452,Medium Risk
IN-12-03-2025-010,Gold Fields,Damang,3/12/2025,Night,Yes,1,Fall of Ground,Medium,Tailings Dam,Unsafe Driving,Equipment Failure,34610,Excavator,85.1,Highly Fractured,Low,Extreme Heat,Driving,Operator,572,37,2025,1,2,3,2,0,1,1,4.671106316,4,3,Basic,4,4,1.9,178,2,Minor Rainy Season,4,2,1,3,58.95173108,High Risk
IN-23-03-2025-010,Gold Fields,Obuasi,3/23/2025,Day,No,0,Fall of Ground,Medium,Tailings Dam,Human Error,Environmental Condition,10280,,79.5,Stable,Low,Clear,Equipment Operation,Supervisor,433,41,2025,1,4,3,6,1,1,1,12.62732378,1,2,Intermediate,3,2,1.65,178,11,Minor Rainy Season,2,3,1,1,32.7685819,Medium Risk
IN-24-03-2025-010,Gold Fields,Ahafo,3/24/2025,Night,Yes,1,Vehicle,Medium,Tailings Dam,Poor Maintenance,Equipment Failure,15918,Excavator,80.7,Highly Fractured,Moderate,Clear,Maintenance,Driver,1044,17,2025,2,4,3,0,0,1,1,5.198939285,1,4,Intermediate,3,4,2.1,178,1,Minor Rainy Season,4,4,1,1,61.17445397,High Risk
IN-07-04-2025-010,Gold Fields,Ahafo,4/7/2025,Day,Yes,1,Electrical,Low,Tailings Dam,Design / Layout Deficiency,Equipment Failure,39752,Truck,93.5,Moderate Fracturing,Moderate,Clear,Lifting,Supervisor,368,0,2025,1,3,4,0,0,2,0,15.30756724,1,3,Intermediate,3,2,1.15,178,14,Minor Rainy Season,2,3,1,1,14.57655113,Low Risk
IN-13-04-2025-010,Newmont,Obuasi,4/13/2025,Day,No,0,Chemical,Critical Potential,Tailings Dam,Human Error,Human Behaviour,20577,Excavator,75.4,Stable,Low,Rain,Welding,Driver,446,5,2025,4,5,4,6,1,2,3,4.781105399,4,4,Intermediate,3,2,3.55,178,6,Minor Rainy Season,4,3,1,1,87.23607738,Critical Risk
IN-08-05-2025-010,AngloGold Ashanti,Obuasi,5/8/2025,Night,Yes,1,Fire,High Potential,Tailings Dam,Human Error,Equipment Failure,22540,Crusher,72.2,Moderate Fracturing,Low,Rain,Welding,Driver,852,35,2025,3,5,5,3,0,2,2,0.768742067,4,3,Intermediate,3,4,3.15,178,25,Minor Rainy Season,2,4,1,1,72.37792093,Critical Risk
IN-14-05-2025-010,AngloGold Ashanti,Tarkwa,5/14/2025,Night,Yes,1,Electrical,High Potential,Tailings Dam,Unsafe Driving,Training Deficiency,41523,,85.3,Highly Fractured,Low,Extreme Heat,Welding,Operator,418,32,2025,1,5,5,2,0,2,2,2.033904198,4,3,Advanced,2,4,2.6,178,6,Minor Rainy Season,2,4,1,3,82.29026469,Critical Risk
IN-18-05-2025-010,AngloGold Ashanti,Tarkwa,5/18/2025,Night,Yes,1,Electrical,Medium,Tailings Dam,Unsafe Driving,Equipment Failure,42790,Excavator,74.8,Moderate Fracturing,Low,Clear,Lifting,Welder,411,35,2025,1,3,5,6,1,2,1,1.083906543,1,4,Basic,4,4,1.75,178,4,Minor Rainy Season,4,4,1,1,54.96255281,High Risk
IN-04-06-2025-010,AngloGold Ashanti,Obuasi,6/4/2025,Night,No,0,Electrical,Critical Potential,Tailings Dam,Unsafe Driving,Environmental Condition,17631,Excavator,85.7,Stable,Low,Clear,Equipment Operation,Driver,386,28,2025,1,4,6,2,0,2,3,19.94378103,1,5,Intermediate,3,4,2.55,178,17,Major Rainy Season,4,4,1,1,85.13471322,Critical Risk
IN-06-06-2025-010,AngloGold Ashanti,Obuasi,6/6/2025,Night,No,0,Electrical,Low,Tailings Dam,Unsafe Driving,Equipment Failure,29437,Truck,74.1,Highly Fractured,Moderate,Clear,Driving,Driver,1199,33,2025,1,2,6,4,0,2,0,2.881691646,1,2,Basic,4,4,1.25,178,2,Major Rainy Season,2,2,1,1,12.76392262,Low Risk
IN-13-06-2025-010,Newmont,Tarkwa,6/13/2025,Day,No,0,Equipment,High Potential,Tailings Dam,Human Error,Training Deficiency,9318,Truck,91.8,Highly Fractured,Moderate,Rain,Maintenance,Operator,395,37,2025,1,4,6,4,0,2,2,10.57144625,4,2,Intermediate,3,2,2.3,178,7,Major Rainy Season,2,3,1,1,53.40209716,High Risk
IN-18-06-2025-010,Newmont,Tarkwa,6/18/2025,Day,No,0,Fall of Ground,Critical Potential,Tailings Dam,Environmental Conditions,Training Deficiency,28797,,69.5,Stable,Low,Rain,Equipment Operation,Mechanic,794,21,2025,1,4,6,2,0,2,3,0.422513678,4,3,Intermediate,3,2,2.65,178,5,Major Rainy Season,2,3,1,3,75.29457055,Critical Risk
IN-19-06-2025-010,Newmont,Tarkwa,6/19/2025,Day,Yes,1,Chemical,Medium,Tailings Dam,Design / Layout Deficiency,Equipment Failure,15140,Excavator,86.1,Stable,Low,Rain,Maintenance,Driver,718,8,2025,4,4,6,3,0,2,1,0.457321693,4,4,Intermediate,3,2,2.7,178,1,Major Rainy Season,4,3,1,1,57.06391698,High Risk
IN-03-07-2025-010,Gold Fields,Damang,7/3/2025,Night,Yes,1,Equipment,Medium,Tailings Dam,Unsafe Driving,Environmental Condition,43909,Loader,72.9,Highly Fractured,Low,Clear,Driving,Supervisor,1096,43,2025,1,2,7,3,0,3,1,1.460307078,1,2,Basic,4,4,1.6,178,14,Major Rainy Season,2,2,1,1,24.74405224,Low Risk
IN-15-07-2025-010,Gold Fields,Obuasi,7/15/2025,Night,Yes,1,Chemical,Medium,Tailings Dam,Inadequate Supervision,Training Deficiency,28100,Excavator,75.9,Moderate Fracturing,Low,Rain,Lifting,Mechanic,491,4,2025,4,3,7,1,0,3,1,10.38821552,4,3,Basic,4,4,2.8,178,12,Major Rainy Season,4,4,1,1,63.61593845,High Risk
IN-20-07-2025-010,AngloGold Ashanti,Ahafo,7/20/2025,Day,Yes,1,Chemical,Medium,Tailings Dam,Lack of Risk Assessment,Procedural Failure,26760,Truck,95.6,Moderate Fracturing,Low,Rain,Driving,Supervisor,960,14,2025,4,2,7,6,1,3,1,2.429941622,4,3,Basic,4,2,2.45,178,5,Major Rainy Season,2,1,1,3,30.54585902,Medium Risk
IN-07-08-2025-010,Newmont,Tarkwa,8/7/2025,Day,No,0,Chemical,Medium,Tailings Dam,Design / Layout Deficiency,Environmental Condition,19937,Excavator,70.6,Stable,Moderate,Clear,Maintenance,Operator,891,0,2025,4,4,8,3,0,3,1,1.127373295,1,2,Intermediate,3,2,2.4,178,18,Major Rainy Season,4,3,1,1,48.41053135,Medium Risk
IN-25-08-2025-010,AngloGold Ashanti,Ahafo,8/25/2025,Night,No,0,Chemical,Low,Tailings Dam,Unsafe Driving,Environmental Condition,42597,Loader,80.3,Moderate Fracturing,Low,Clear,Welding,Supervisor,715,15,2025,4,5,8,0,0,3,0,10.60837503,1,3,Intermediate,3,4,2.4,178,18,Major Rainy Season,2,4,1,1,39.76427605,Medium Risk
IN-14-09-2025-010,Newmont,Tarkwa,9/14/2025,Day,Yes,1,Equipment,Low,Tailings Dam,Inadequate Supervision,Training Deficiency,14278,Truck,79.7,Stable,Low,Clear,Maintenance,Supervisor,1110,0,2025,1,4,9,6,1,3,0,0.024543413,1,3,Intermediate,3,2,1.3,178,20,Transition Season,2,3,1,1,20.78845228,Low Risk
IN-19-09-2025-010,AngloGold Ashanti,Tarkwa,9/19/2025,Day,No,0,Vehicle,Low,Tailings Dam,Design / Layout Deficiency,Human Behaviour,20436,,95.4,Moderate Fracturing,Low,Fog,Driving,Driver,207,7,2025,2,2,9,4,0,3,0,1.525657501,2,3,Intermediate,3,2,1.35,178,5,Transition Season,2,1,1,1,2.884461878,Low Risk
IN-26-09-2025-010,AngloGold Ashanti,Damang,9/26/2025,Day,No,0,Vehicle,Medium,Tailings Dam,Unsafe Driving,Equipment Failure,14636,Truck,67.8,Moderate Fracturing,Moderate,Clear,Equipment Operation,Welder,216,40,2025,2,4,9,4,0,3,1,6.705306472,1,2,Basic,4,2,1.95,178,7,Transition Season,2,3,1,1,32.7685819,Medium Risk
IN-04-11-2025-010,AngloGold Ashanti,Ahafo,11/4/2025,Day,Yes,1,Electrical,Critical Potential,Tailings Dam,Human Error,Equipment Failure,43769,,83.4,Stable,Low,Clear,Lifting,Operator,926,34,2025,1,3,11,1,0,4,3,5.301018706,1,5,Basic,4,2,2.25,178,39,Transition Season,2,3,1,1,50.51694,High Risk
IN-04-11-2025-010,Gold Fields,Tarkwa,11/4/2025,Day,Yes,1,Fire,Low,Tailings Dam,Environmental Conditions,Procedural Failure,37503,,83.1,Highly Fractured,Low,Fog,Welding,Driver,216,8,2025,3,5,11,1,0,4,0,4.093826572,2,4,Intermediate,3,2,2.05,178,0,Transition Season,2,3,1,1,29.88481531,Low Risk
IN-26-11-2025-010,AngloGold Ashanti,Ahafo,11/26/2025,Night,Yes,1,Equipment,Critical Potential,Tailings Dam,Lack of Risk Assessment,Procedural Failure,41862,Excavator,72.6,Stable,High,Clear,Equipment Operation,Welder,954,12,2025,1,4,11,2,0,4,3,0.700092406,1,3,Basic,4,4,2.6,178,22,Transition Season,4,4,1,1,85.13471322,Critical Risk
IN-26-11-2025-010,Gold Fields,Tarkwa,11/26/2025,Day,Yes,1,Fire,Critical Potential,Tailings Dam,Human Error,Environmental Condition,23429,Truck,66.4,Stable,Low,Extreme Heat,Lifting,Mechanic,978,29,2025,3,3,11,2,0,4,3,1.116728375,4,4,Basic,4,2,3.05,178,0,Transition Season,2,3,1,3,69.0826694,High Risk
IN-01-12-2025-010,Gold Fields,Damang,12/1/2025,Night,No,0,Vehicle,Critical Potential,Tailings Dam,Human Error,Procedural Failure,25221,Loader,76.7,Moderate Fracturing,Low,High Dust,Welding,Supervisor,1024,34,2025,2,5,12,0,0,4,3,2.289413016,,4,Intermediate,3,4,,178,5,Dry Season,2,4,1,3,82.73254681,Critical Risk
IN-13-12-2025-010,Newmont,Tarkwa,12/13/2025,Day,Yes,1,Electrical,Medium,Tailings Dam,Human Error,Training Deficiency,30898,Excavator,86.3,Highly Fractured,Low,Extreme Heat,Maintenance,Driver,408,37,2025,1,4,12,5,1,4,1,9.5356229,4,5,Intermediate,3,2,1.95,178,12,Dry Season,4,3,1,3,66.97626075,High Risk
IN-27-06-2020-010,Noble Gold Bibiani Ltd,Bibiani Mine,6/27/2020,Night,Yes,1,Vehicle Incident,Critical Potential,Workshop,Human Error / Fatigue,Human Error,4723.775717,Vehicle,79.39004721,Moderate,Low,Clear,Driving,Driver,347,30.32643433,2020,2,2,6,5,1,2,3,10.19244004,1,4,Intermediate,3,4,2.5,177,999,Major Rainy Season,3,2,1,1,56.52528621,High Risk
IN-28-07-2020-010,Noble Gold Bibiani Ltd,Bibiani Mine,7/28/2020,Day,Yes,1,Personal Injury,Critical Potential,Workshop,Poor Ground / Weather Conditions,Human Error,5867.486157,,81.75357152,Moderate,Low,Rain,Unknown,Unknown,471,50,2020,1,3,7,1,0,3,3,2.2855358,4,2,Basic,4,2,2.55,177,31,Major Rainy Season,2,1,1,1,50.80567566,High Risk
IN-29-08-2020-010,Noble Gold Bibiani Ltd,Bibiani Mine,8/29/2020,Unknown,Yes,1,Fire,Critical Potential,Workshop,Human Error / Fatigue,Human Error,3405.406839,Fire / Explosion Source,75.26762638,Moderate,Low,Clear,Unknown,Unknown,340,18.40902843,2020,3,3,8,5,1,3,3,0.04686871,1,2,Basic,4,3,2.85,177,32,Major Rainy Season,2,1,1,1,46.44308884,Medium Risk
IN-08-04-2021-010,Gold Fields,Obuasi,4/8/2021,Day,No,0,Vehicle,Critical Potential,Workshop,Inadequate Supervision,Equipment Failure,38719,Excavator,76.5,Moderate Fracturing,Low,Clear,Equipment Operation,Operator,968,21,2021,2,4,4,3,0,2,3,4.701949075,1,2,Basic,4,2,2.65,177,222,Minor Rainy Season,4,3,1,1,72.3707906,Critical Risk
IN-12-04-2021-010,Newmont,Ahafo,4/12/2021,Day,Yes,1,Fall of Ground,Critical Potential,Workshop,Human Error,Procedural Failure,20646,Excavator,84.7,Stable,Moderate,Clear,Welding,Driver,1121,36,2021,1,5,4,0,0,2,3,0.243919266,1,2,Intermediate,3,2,2.5,177,4,Minor Rainy Season,4,3,1,1,78.58269175,Critical Risk
IN-13-05-2021-010,AngloGold Ashanti,Tarkwa,5/13/2021,Night,Yes,1,Electrical,Critical Potential,Workshop,Human Error,Environmental Condition,18261,Crusher,86.6,Highly Fractured,Moderate,Extreme Heat,Lifting,Supervisor,220,33,2021,1,3,5,3,0,2,3,9.119034041,4,4,Basic,4,4,2.75,177,31,Minor Rainy Season,2,4,1,3,81.84659201,Critical Risk
IN-15-05-2021-010,AngloGold Ashanti,Damang,5/15/2021,Day,Yes,1,Fall of Ground,High Potential,Workshop,Lack of Risk Assessment,Human Behaviour,22343,Crusher,66.1,Moderate Fracturing,Moderate,Rain,Driving,Driver,1093,16,2021,1,2,5,5,1,2,2,3.037966029,4,5,Basic,4,2,2.05,177,2,Minor Rainy Season,2,1,1,3,42.52598865,Medium Risk
IN-02-06-2021-010,Newmont,Tarkwa,6/2/2021,Night,No,0,Fall of Ground,Medium,Workshop,Unsafe Driving,Training Deficiency,26116,Crusher,77.7,Moderate Fracturing,Moderate,Rain,Equipment Operation,Operator,719,33,2021,1,4,6,2,0,2,1,0.860484377,4,2,Basic,4,4,2.2,177,18,Major Rainy Season,2,4,1,3,64.09823391,High Risk
IN-04-08-2021-010,AngloGold Ashanti,Ahafo,8/4/2021,Day,No,0,Equipment,High Potential,Workshop,Human Error,Procedural Failure,8471,,71.1,Stable,High,Clear,Equipment Operation,Driver,1061,44,2021,1,4,8,2,0,3,2,0.164704752,1,3,Intermediate,3,2,2,177,63,Major Rainy Season,2,3,1,1,44.74871153,Medium Risk
IN-13-08-2021-010,AngloGold Ashanti,Tarkwa,8/13/2021,Night,No,0,Equipment,Medium,Workshop,Unsafe Driving,Training Deficiency,21370,,92.8,Stable,Low,Clear,Welding,Welder,781,44,2021,1,5,8,4,0,3,1,0.821738836,1,5,Advanced,2,4,1.95,177,9,Major Rainy Season,2,4,1,1,51.74440567,High Risk
IN-18-08-2021-010,AngloGold Ashanti,Obuasi,8/18/2021,Day,Yes,1,Electrical,High Potential,Workshop,Environmental Conditions,Training Deficiency,31062,Excavator,70,Stable,Low,Rain,Driving,Mechanic,902,24,2021,1,2,8,2,0,3,2,2.224140275,4,5,Basic,4,2,2.05,177,5,Major Rainy Season,4,1,1,3,58.16793809,High Risk
IN-03-09-2021-010,Newmont,Damang,9/3/2021,Day,Yes,1,Fire,Low,Workshop,Human Error,Training Deficiency,43314,Excavator,79.6,Highly Fractured,Low,Clear,Lifting,Welder,496,43,2021,3,3,9,4,0,3,0,3.641739989,1,3,Basic,4,2,1.7,177,16,Transition Season,4,3,1,1,30.21850057,Medium Risk
IN-26-09-2021-010,Gold Fields,Damang,9/26/2021,Day,Yes,1,Chemical,Critical Potential,Workshop,Design / Layout Deficiency,Procedural Failure,33276,,86.6,Moderate Fracturing,High,Clear,Driving,Mechanic,963,22,2021,4,2,9,6,1,3,3,4.200352654,1,5,Intermediate,3,2,2.8,177,23,Transition Season,2,1,1,1,35.94038888,Medium Risk
IN-08-10-2021-010,Gold Fields,Tarkwa,10/8/2021,Day,No,0,Fire,Low,Workshop,Lack of Risk Assessment,Training Deficiency,28132,,85.8,Stable,Moderate,Clear,Lifting,Welder,971,7,2021,3,3,10,4,0,4,0,1.366584851,1,3,Basic,4,2,1.7,177,12,Transition Season,2,3,1,1,14.57655113,Low Risk
IN-12-10-2021-010,Gold Fields,Tarkwa,10/12/2021,Night,No,0,Equipment,Medium,Workshop,Unsafe Driving,Procedural Failure,6141,Crusher,78,Highly Fractured,Low,Clear,Lifting,Supervisor,767,43,2021,1,3,10,1,0,4,1,0.102393505,1,3,Intermediate,3,4,1.7,177,4,Transition Season,2,4,1,1,39.32060337,Medium Risk
IN-17-10-2021-010,AngloGold Ashanti,Obuasi,10/17/2021,Night,Yes,1,Equipment,Medium,Workshop,Inadequate Supervision,Human Behaviour,30518,,95.6,Moderate Fracturing,Low,Rain,Equipment Operation,Mechanic,765,7,2021,1,4,10,6,1,4,1,4.395890363,4,4,Intermediate,3,4,2.15,177,5,Transition Season,2,4,1,3,64.09823391,High Risk
IN-18-10-2021-010,AngloGold Ashanti,Ahafo,10/18/2021,Night,No,0,Equipment,Medium,Workshop,Poor Maintenance,Procedural Failure,16120,,82.5,Moderate Fracturing,Low,Rain,Welding,Operator,1036,19,2021,1,5,10,0,0,4,1,15.69534192,4,4,Advanced,2,4,2.25,177,1,Transition Season,2,4,1,1,60.3977913,High Risk
IN-26-10-2021-010,AngloGold Ashanti,Damang,10/26/2021,Day,Yes,1,Chemical,Medium,Workshop,Poor Maintenance,Training Deficiency,16826,Loader,75.3,Stable,Low,Clear,Welding,Operator,324,2,2021,4,5,10,1,0,4,1,0.240522185,1,2,Intermediate,3,2,2.55,177,8,Transition Season,2,3,1,1,38.98048306,Medium Risk
IN-19-11-2021-010,Newmont,Tarkwa,11/19/2021,Day,No,0,Vehicle,High Potential,Workshop,Unsafe Driving,Human Behaviour,37441,Loader,83.6,Highly Fractured,Moderate,Rain,Welding,Supervisor,434,43,2021,2,5,11,4,0,4,2,1.349136694,4,2,Intermediate,3,2,2.7,177,24,Transition Season,2,3,1,1,59.61399831,High Risk
IN-24-11-2021-010,Newmont,Obuasi,11/24/2021,Night,Yes,1,Chemical,Low,Workshop,Inadequate Supervision,Equipment Failure,15503,Loader,92.3,Highly Fractured,Low,Clear,Lifting,Driver,748,20,2021,4,3,11,2,0,4,0,0.192115607,1,4,Basic,4,4,2.15,177,5,Transition Season,2,4,1,1,27.34047374,Low Risk
IN-14-12-2021-010,Newmont,Damang,12/14/2021,Day,Yes,1,Fire,Medium,Workshop,Design / Layout Deficiency,Human Behaviour,20042,Excavator,92.6,Stable,Moderate,Rain,Maintenance,Welder,1034,18,2021,3,4,12,1,0,4,1,0.504451739,4,3,Intermediate,3,2,2.45,177,20,Dry Season,4,3,1,1,57.06391698,High Risk
IN-17-12-2021-010,AngloGold Ashanti,Damang,12/17/2021,Day,Yes,1,Fall of Ground,Medium,Workshop,Environmental Conditions,Training Deficiency,36486,Truck,73.9,Moderate Fracturing,Low,Clear,Lifting,Driver,834,20,2021,1,3,12,4,0,4,1,2.595188867,1,5,Basic,4,2,1.55,177,3,Dry Season,2,3,1,1,26.55668075,Low Risk
IN-20-12-2021-010,AngloGold Ashanti,Tarkwa,12/20/2021,Day,Yes,1,Chemical,Medium,Workshop,Design / Layout Deficiency,Procedural Failure,25058,Loader,76.8,Moderate Fracturing,High,Clear,Welding,Mechanic,281,28,2021,4,5,12,0,0,4,1,13.98870688,1,3,Intermediate,3,2,2.55,177,3,Dry Season,2,3,1,1,38.98048306,Medium Risk
IN-20-12-2021-010,Newmont,Obuasi,12/20/2021,Day,No,0,Fall of Ground,Medium,Workshop,Unsafe Driving,Procedural Failure,25584,,66.2,Stable,Low,Rain,Driving,Supervisor,779,0,2021,1,2,12,0,0,4,1,3.404926156,4,2,Intermediate,3,2,1.65,177,0,Dry Season,2,1,1,3,30.54585902,Medium Risk
IN-25-12-2021-010,AngloGold Ashanti,Ahafo,12/25/2021,Night,No,0,Electrical,Medium,Workshop,Unsafe Driving,Human Behaviour,18379,Crusher,86.2,Stable,Low,High Dust,Lifting,Driver,758,6,2021,1,3,12,5,1,4,1,1.179449804,,4,Intermediate,3,4,,177,5,Dry Season,2,4,1,3,46.34848525,Medium Risk
IN-24-01-2022-010,Gold Fields,Ahafo,1/24/2022,Night,No,0,Vehicle,Critical Potential,Workshop,Inadequate Supervision,Training Deficiency,29335,Excavator,85.7,Stable,Low,Clear,Equipment Operation,Supervisor,482,30,2022,2,4,1,0,0,1,3,1.487675403,1,2,Basic,4,4,2.85,177,30,Dry Season,4,4,1,1,85.13471322,Critical Risk
IN-26-01-2022-010,AngloGold Ashanti,Tarkwa,1/26/2022,Day,No,0,Electrical,Medium,Workshop,Inadequate Supervision,Human Behaviour,39039,Crusher,88.1,Stable,Low,Rain,Welding,Welder,206,28,2022,1,5,1,2,0,1,1,9.940319391,4,4,Advanced,2,2,2.05,177,2,Dry Season,2,3,1,1,47.63386869,Medium Risk
IN-06-02-2022-010,AngloGold Ashanti,Damang,2/6/2022,Day,No,0,Fire,High Potential,Workshop,Unsafe Driving,Human Behaviour,14306,,93.3,Stable,Low,Rain,Welding,Supervisor,1080,32,2022,3,5,2,6,1,1,2,2.515288846,4,2,Advanced,2,2,2.9,177,11,Dry Season,2,3,1,1,59.61399831,High Risk
IN-10-02-2022-010,AngloGold Ashanti,Tarkwa,2/10/2022,Day,Yes,1,Equipment,Medium,Workshop,Inadequate Supervision,Environmental Condition,27010,Crusher,88.9,Moderate Fracturing,Low,High Dust,Equipment Operation,Operator,261,14,2022,1,4,2,3,0,1,1,0.707835797,,3,Basic,4,2,,177,4,Dry Season,2,3,1,3,39.79646379,Medium Risk
IN-10-02-2022-010,Newmont,Obuasi,2/10/2022,Night,No,0,Vehicle,Medium,Workshop,Unsafe Driving,Human Behaviour,24610,Loader,68.6,Highly Fractured,Low,Clear,Driving,Mechanic,710,11,2022,2,2,2,3,0,1,1,9.677179245,1,3,Basic,4,4,1.85,177,0,Dry Season,2,2,1,1,24.74405224,Low Risk
IN-19-02-2022-010,AngloGold Ashanti,Obuasi,2/19/2022,Day,Yes,1,Fall of Ground,Critical Potential,Workshop,Inadequate Supervision,Procedural Failure,43163,Excavator,93.7,Highly Fractured,High,Clear,Welding,Mechanic,1100,24,2022,1,5,2,5,1,1,3,2.548895085,1,4,Intermediate,3,2,2.5,177,9,Dry Season,4,3,1,1,78.58269175,Critical Risk
IN-21-02-2022-010,Gold Fields,Tarkwa,2/21/2022,Day,No,0,Vehicle,Medium,Workshop,Human Error,Training Deficiency,16999,Crusher,71,Highly Fractured,Low,Rain,Welding,Operator,1033,44,2022,2,5,2,0,0,1,1,14.29766746,4,4,Advanced,2,2,2.3,177,2,Dry Season,2,3,1,1,47.63386869,Medium Risk
IN-22-02-2022-010,Newmont,Ahafo,2/22/2022,Day,Yes,1,Chemical,Low,Workshop,Unsafe Driving,Training Deficiency,28501,Loader,76.7,Highly Fractured,Low,Clear,Lifting,Mechanic,405,36,2022,4,3,2,1,0,1,0,0.954751278,1,3,Basic,4,2,1.95,177,1,Dry Season,2,3,1,1,14.57655113,Low Risk
IN-22-02-2022-010,AngloGold Ashanti,Tarkwa,2/22/2022,Day,No,0,Fire,Critical Potential,Workshop,Poor Maintenance,Training Deficiency,22375,Crusher,66.3,Highly Fractured,Low,Clear,Equipment Operation,Supervisor,1052,10,2022,3,4,2,1,0,1,3,9.485843674,1,4,Basic,4,2,2.9,177,0,Dry Season,2,3,1,1,56.72884115,High Risk
IN-07-03-2022-010,Newmont,Tarkwa,3/7/2022,Day,No,0,Fall of Ground,High Potential,Workshop,Inadequate Supervision,Procedural Failure,40303,,94.4,Stable,Low,Rain,Driving,Welder,1057,11,2022,1,2,3,0,0,1,2,3.486368912,4,3,Intermediate,3,2,2,177,13,Minor Rainy Season,2,1,1,3,42.52598865,Medium Risk
IN-14-04-2022-010,Newmont,Tarkwa,4/14/2022,Day,No,0,Electrical,Critical Potential,Workshop,Lack of Risk Assessment,Human Behaviour,14968,,71.7,Moderate Fracturing,Moderate,Clear,Driving,Operator,225,13,2022,1,2,4,3,0,2,3,14.09495163,1,2,Intermediate,3,2,2.05,177,38,Minor Rainy Season,2,1,1,1,35.94038888,Medium Risk
IN-06-07-2022-010,Gold Fields,Obuasi,7/6/2022,Day,Yes,1,Equipment,Medium,Workshop,Unsafe Driving,Human Behaviour,6378,Truck,68,Moderate Fracturing,Moderate,Clear,Welding,Mechanic,901,40,2022,1,5,7,2,0,3,1,11.76403348,1,4,Intermediate,3,2,1.8,177,83,Major Rainy Season,2,3,1,1,38.98048306,Medium Risk
IN-11-07-2022-010,AngloGold Ashanti,Damang,7/11/2022,Day,No,0,Fall of Ground,Critical Potential,Workshop,Lack of Risk Assessment,Equipment Failure,12349,Excavator,73.4,Moderate Fracturing,Low,Clear,Lifting,Operator,745,24,2022,1,3,7,0,0,3,3,0.921073674,1,2,Intermediate,3,2,2.2,177,5,Major Rainy Season,4,3,1,1,66.15888945,High Risk
IN-17-07-2022-010,Gold Fields,Damang,7/17/2022,Night,No,0,Equipment,Medium,Workshop,Human Error,Human Behaviour,20997,Crusher,97.9,Highly Fractured,Low,Clear,Lifting,Supervisor,993,32,2022,1,3,7,6,1,3,1,7.471374158,1,3,Basic,4,4,1.75,177,6,Major Rainy Season,2,4,1,1,39.32060337,Medium Risk
IN-02-08-2022-010,Gold Fields,Tarkwa,8/2/2022,Day,Yes,1,Equipment,Critical Potential,Workshop,Unsafe Driving,Training Deficiency,26045,Excavator,91.8,Moderate Fracturing,Moderate,Clear,Driving,Supervisor,390,10,2022,1,2,8,1,0,3,3,3.053871142,1,3,Intermediate,3,2,2.05,177,16,Major Rainy Season,4,1,1,1,51.58233832,High Risk
IN-22-08-2022-010,Gold Fields,Tarkwa,8/22/2022,Day,Yes,1,Equipment,Low,Workshop,Poor Maintenance,Environmental Condition,8158,Truck,92.1,Moderate Fracturing,Low,Clear,Lifting,Supervisor,898,3,2022,1,3,8,0,0,3,0,1.291778137,1,2,Basic,4,2,1.2,177,20,Major Rainy Season,2,3,1,1,14.57655113,Low Risk
IN-11-09-2022-010,Gold Fields,Obuasi,9/11/2022,Day,Yes,1,Equipment,Critical Potential,Workshop,Environmental Conditions,Equipment Failure,17665,,88.3,Stable,Low,Clear,Driving,Operator,604,18,2022,1,2,9,6,1,3,3,0.142603077,1,5,Basic,4,2,2.1,177,20,Transition Season,2,1,1,1,35.94038888,Medium Risk
IN-15-09-2022-010,Newmont,Tarkwa,9/15/2022,Day,No,0,Fire,Low,Workshop,Human Error,Environmental Condition,10840,Excavator,91.4,Moderate Fracturing,Low,Clear,Welding,Driver,414,16,2022,3,5,9,3,0,3,0,0.635581876,1,5,Advanced,2,2,1.9,177,4,Transition Season,4,3,1,1,42.64230288,Medium Risk
IN-22-09-2022-010,Newmont,Obuasi,9/22/2022,Night,Yes,1,Fall of Ground,Critical Potential,Workshop,Unsafe Driving,Training Deficiency,8083,Truck,88.8,Moderate Fracturing,Low,Rain,Driving,Welder,1040,12,2022,1,2,9,3,0,3,3,3.264460436,4,3,Basic,4,4,2.6,177,7,Transition Season,2,2,1,3,67.27004089,High Risk
IN-07-11-2022-010,AngloGold Ashanti,Obuasi,11/7/2022,Night,No,0,Chemical,Medium,Workshop,Poor Maintenance,Environmental Condition,9042,Loader,94,Highly Fractured,Low,Rain,Driving,Driver,242,10,2022,4,2,11,0,0,4,1,0.027010723,4,3,Basic,4,4,2.65,177,46,Transition Season,2,2,1,3,43.30978164,Medium Risk
IN-08-11-2022-010,AngloGold Ashanti,Obuasi,11/8/2022,Day,No,0,Electrical,Medium,Workshop,Unsafe Driving,Human Behaviour,15109,,83.8,Moderate Fracturing,Moderate,Clear,Equipment Operation,Supervisor,1038,12,2022,1,4,11,1,0,4,1,1.580285447,1,3,Basic,4,2,1.7,177,1,Transition Season,2,3,1,1,32.7685819,Medium Risk
IN-17-11-2022-010,AngloGold Ashanti,Obuasi,11/17/2022,Night,No,0,Fall of Ground,Medium,Workshop,Unsafe Driving,Environmental Condition,34841,Excavator,88.3,Highly Fractured,Low,Rain,Lifting,Operator,1038,44,2022,1,3,11,3,0,4,1,9.218901708,4,3,Intermediate,3,4,2,177,9,Transition Season,4,4,1,1,63.61593845,High Risk
IN-01-12-2022-010,Newmont,Tarkwa,12/1/2022,Night,Yes,1,Equipment,High Potential,Workshop,Human Error,Human Behaviour,23825,Excavator,74.6,Highly Fractured,High,Clear,Equipment Operation,Mechanic,915,14,2022,1,4,12,3,0,4,2,5.383385438,1,4,Basic,4,4,2.25,177,14,Dry Season,4,4,1,1,73.15458359,Critical Risk
IN-13-12-2022-010,Gold Fields,Tarkwa,12/13/2022,Day,Yes,1,Vehicle,Critical Potential,Workshop,Environmental Conditions,Environmental Condition,11841,Truck,94.3,Stable,Moderate,Clear,Maintenance,Operator,857,5,2022,2,4,12,1,0,4,3,2.08723951,1,4,Intermediate,3,2,2.6,177,12,Dry Season,2,3,1,1,56.72884115,High Risk
IN-22-12-2022-010,Gold Fields,Obuasi,12/22/2022,Day,No,0,Vehicle,High Potential,Workshop,Human Error,Procedural Failure,44390,Truck,70.4,Moderate Fracturing,Low,Rain,Maintenance,Operator,694,38,2022,2,4,12,3,0,4,2,5.678903359,4,3,Intermediate,3,2,2.55,177,9,Dry Season,2,3,1,1,53.40209716,High Risk
IN-01-01-2023-010,AngloGold Ashanti,Tarkwa,1/1/2023,Day,No,0,Electrical,Critical Potential,Workshop,Human Error,Environmental Condition,29111,Truck,67.8,Highly Fractured,Low,Clear,Welding,Driver,886,5,2023,1,5,1,6,1,1,3,4.465147792,1,3,Advanced,2,2,2.45,177,10,Dry Season,2,3,1,1,62.94074231,High Risk
IN-09-01-2023-010,Gold Fields,Ahafo,1/9/2023,Day,No,0,Fall of Ground,Low,Workshop,Inadequate Supervision,Training Deficiency,34505,Excavator,78.5,Stable,Low,Rain,Driving,Driver,636,14,2023,1,2,1,0,0,1,0,2.635932213,4,2,Intermediate,3,2,1.3,177,8,Dry Season,4,1,1,3,34.20767884,Medium Risk
IN-13-01-2023-010,Newmont,Tarkwa,1/13/2023,Day,No,0,Equipment,Low,Workshop,Lack of Risk Assessment,Training Deficiency,14969,,85.7,Stable,High,Clear,Driving,Driver,621,25,2023,1,2,1,4,0,1,0,5.555246232,1,5,Basic,4,2,1.05,177,4,Dry Season,2,1,1,1,0,Low Risk
IN-13-01-2023-010,Newmont,Obuasi,1/13/2023,Night,Yes,1,Fall of Ground,Medium,Workshop,Design / Layout Deficiency,Equipment Failure,15871,Excavator,87,Stable,Moderate,Clear,Driving,Welder,659,8,2023,1,2,1,4,0,1,1,1.673568353,1,4,Intermediate,3,4,1.55,177,0,Dry Season,4,2,1,1,40.38600169,Medium Risk
IN-14-01-2023-010,Newmont,Obuasi,1/14/2023,Night,Yes,1,Chemical,Medium,Workshop,Lack of Risk Assessment,Human Behaviour,24049,Truck,82.1,Moderate Fracturing,Low,High Dust,Equipment Operation,Driver,386,14,2023,4,4,1,5,1,1,1,7.31967033,,4,Basic,4,4,,177,1,Dry Season,2,4,1,3,52.5603864,High Risk
IN-18-01-2023-010,AngloGold Ashanti,Obuasi,1/18/2023,Day,No,0,Vehicle,Low,Workshop,Poor Maintenance,Environmental Condition,37408,Loader,67.5,Stable,Low,Clear,Driving,Driver,300,11,2023,2,2,1,2,0,1,0,7.905904636,1,5,Basic,4,2,1.3,177,4,Dry Season,2,1,1,1,0,Low Risk
IN-23-01-2023-010,AngloGold Ashanti,Ahafo,1/23/2023,Day,No,0,Vehicle,Critical Potential,Workshop,Unsafe Driving,Training Deficiency,25858,Crusher,81,Stable,Moderate,Rain,Maintenance,Welder,1098,25,2023,2,4,1,0,0,1,3,0.044756829,4,2,Intermediate,3,2,2.9,177,5,Dry Season,2,3,1,1,65.38222679,High Risk
IN-23-01-2023-010,Newmont,Ahafo,1/23/2023,Night,No,0,Vehicle,Critical Potential,Workshop,Unsafe Driving,Human Behaviour,34680,Loader,82.7,Stable,Low,Clear,Equipment Operation,Welder,1155,11,2023,2,4,1,0,0,1,3,0.158588398,1,4,Basic,4,4,2.85,177,0,Dry Season,2,4,1,1,69.49276377,High Risk
IN-08-02-2023-010,AngloGold Ashanti,Tarkwa,2/8/2023,Night,Yes,1,Electrical,Medium,Workshop,Inadequate Supervision,Training Deficiency,31739,,95.6,Highly Fractured,Low,Clear,Maintenance,Supervisor,508,17,2023,1,4,2,2,0,1,1,13.09314476,1,2,Advanced,2,4,1.8,177,16,Dry Season,2,4,1,1,45.53250452,Medium Risk
IN-11-02-2023-010,AngloGold Ashanti,Ahafo,2/11/2023,Night,No,0,Fire,Medium,Workshop,Lack of Risk Assessment,Environmental Condition,38146,Loader,95.6,Moderate Fracturing,Low,Fog,Lifting,Supervisor,957,2,2023,3,3,2,5,1,1,1,0.813549039,2,4,Basic,4,4,2.35,177,3,Dry Season,2,4,1,1,42.20506524,Medium Risk
IN-11-02-2023-010,Gold Fields,Ahafo,2/11/2023,Night,No,0,Fall of Ground,Critical Potential,Workshop,Inadequate Supervision,Environmental Condition,36359,Excavator,83.8,Moderate Fracturing,Low,Clear,Driving,Driver,553,22,2023,1,2,2,5,1,1,3,1.128008349,1,2,Intermediate,3,4,2.25,177,0,Dry Season,4,2,1,1,64.34626094,High Risk
IN-13-02-2023-010,Gold Fields,Damang,2/13/2023,Day,Yes,1,Equipment,Low,Workshop,Inadequate Supervision,Environmental Condition,36008,,68.4,Stable,Low,Clear,Equipment Operation,Operator,398,5,2023,1,4,2,0,0,1,0,3.377891309,1,3,Basic,4,2,1.35,177,2,Dry Season,2,3,1,1,20.78845228,Low Risk
IN-14-02-2023-010,AngloGold Ashanti,Damang,2/14/2023,Day,Yes,1,Vehicle,Medium,Workshop,Lack of Risk Assessment,Human Behaviour,34332,Loader,75,Highly Fractured,Low,Clear,Maintenance,Mechanic,595,22,2023,2,4,2,1,0,1,1,2.668707134,1,3,Intermediate,3,2,1.9,177,1,Dry Season,2,3,1,1,32.7685819,Medium Risk
IN-23-02-2023-010,AngloGold Ashanti,Tarkwa,2/23/2023,Night,No,0,Fall of Ground,Medium,Workshop,Unsafe Driving,Equipment Failure,9656,,77.4,Moderate Fracturing,Low,Fog,Driving,Driver,886,19,2023,1,2,2,3,0,1,1,6.547109918,2,4,Basic,4,4,1.7,177,9,Dry Season,2,2,1,1,27.62851412,Low Risk
IN-25-02-2023-010,AngloGold Ashanti,Ahafo,2/25/2023,Night,No,0,Fire,Low,Workshop,Human Error,Equipment Failure,26577,Crusher,83.1,Highly Fractured,High,Rain,Driving,Operator,538,17,2023,3,2,2,5,1,1,0,2.70328361,4,4,Intermediate,3,4,2,177,2,Dry Season,2,2,1,3,31.32965201,Medium Risk
IN-08-03-2023-010,AngloGold Ashanti,Damang,3/8/2023,Day,No,0,Electrical,Medium,Workshop,Human Error,Training Deficiency,15420,Excavator,78.4,Highly Fractured,Low,Clear,Maintenance,Welder,1143,35,2023,1,4,3,2,0,1,1,3.709304324,1,3,Intermediate,3,2,1.65,177,11,Minor Rainy Season,4,3,1,1,48.41053135,Medium Risk
IN-26-03-2023-010,AngloGold Ashanti,Obuasi,3/26/2023,Day,Yes,1,Vehicle,Medium,Workshop,Lack of Risk Assessment,Procedural Failure,31205,Excavator,74,Moderate Fracturing,Low,Rain,Equipment Operation,Driver,1007,26,2023,2,4,3,6,1,1,1,0.357204862,4,4,Basic,4,2,2.25,177,18,Minor Rainy Season,4,3,1,3,66.97626075,High Risk
IN-26-03-2023-010,AngloGold Ashanti,Tarkwa,3/26/2023,Day,Yes,1,Chemical,Critical Potential,Workshop,Human Error,Training Deficiency,24648,Crusher,97.1,Moderate Fracturing,Moderate,Rain,Maintenance,Operator,750,23,2023,4,4,3,6,1,1,3,3.140231369,4,2,Intermediate,3,2,3.4,177,0,Minor Rainy Season,2,3,1,1,65.38222679,High Risk
IN-04-04-2023-010,AngloGold Ashanti,Damang,4/4/2023,Night,Yes,1,Chemical,High Potential,Workshop,Unsafe Driving,Training Deficiency,38892,,75.3,Moderate Fracturing,Low,Clear,Welding,Driver,982,14,2023,4,5,4,1,0,2,2,4.686683554,1,3,Intermediate,3,4,3.1,177,9,Minor Rainy Season,2,4,1,1,63.7245353,High Risk
IN-06-05-2023-010,AngloGold Ashanti,Obuasi,5/6/2023,Day,Yes,1,Fall of Ground,Low,Workshop,Human Error,Human Behaviour,43066,Truck,68.5,Stable,Moderate,Clear,Equipment Operation,Operator,767,41,2023,1,4,5,5,1,2,0,4.468190371,1,3,Intermediate,3,2,1.3,177,32,Minor Rainy Season,2,3,1,1,20.78845228,Low Risk
IN-25-05-2023-010,AngloGold Ashanti,Tarkwa,5/25/2023,Day,No,0,Vehicle,Critical Potential,Workshop,Human Error,Procedural Failure,34047,,76.4,Highly Fractured,Low,Clear,Lifting,Supervisor,842,38,2023,2,3,5,3,0,2,3,1.49679524,1,2,Basic,4,2,2.5,177,19,Minor Rainy Season,2,3,1,1,50.51694,High Risk
IN-10-06-2023-010,AngloGold Ashanti,Obuasi,6/10/2023,Day,Yes,1,Chemical,Medium,Workshop,Inadequate Supervision,Procedural Failure,17411,Loader,82.9,Highly Fractured,Low,Clear,Maintenance,Driver,1110,21,2023,4,4,6,5,1,2,1,8.497095237,1,5,Intermediate,3,2,2.4,177,16,Major Rainy Season,2,3,1,1,32.7685819,Medium Risk
IN-22-06-2023-010,AngloGold Ashanti,Damang,6/22/2023,Day,Yes,1,Chemical,Medium,Workshop,Environmental Conditions,Training Deficiency,7801,Loader,83.3,Moderate Fracturing,Low,Clear,Maintenance,Mechanic,512,25,2023,4,4,6,3,0,2,1,18.06139232,1,3,Advanced,2,2,2.35,177,12,Major Rainy Season,2,3,1,1,32.7685819,Medium Risk
IN-15-07-2023-010,Gold Fields,Ahafo,7/15/2023,Night,No,0,Fall of Ground,Low,Workshop,Human Error,Human Behaviour,23617,Excavator,65.8,Highly Fractured,Low,High Dust,Driving,Driver,299,14,2023,1,2,7,5,1,3,0,2.809557831,,3,Basic,4,4,,177,23,Major Rainy Season,4,2,1,3,35.43375395,Medium Risk
IN-25-07-2023-010,AngloGold Ashanti,Ahafo,7/25/2023,Day,No,0,Chemical,Medium,Workshop,Inadequate Supervision,Training Deficiency,7108,Loader,72.8,Moderate Fracturing,Low,Rain,Equipment Operation,Supervisor,938,21,2023,4,4,7,1,0,3,1,0.580865257,4,5,Intermediate,3,2,2.7,177,10,Major Rainy Season,2,3,1,3,51.3343113,High Risk
IN-05-08-2023-010,Gold Fields,Obuasi,8/5/2023,Day,Yes,1,Vehicle,Low,Workshop,Design / Layout Deficiency,Human Behaviour,32457,Loader,93.7,Highly Fractured,Moderate,Clear,Equipment Operation,Operator,1087,6,2023,2,4,8,5,1,3,0,0.477612659,1,4,Intermediate,3,2,1.55,177,11,Major Rainy Season,2,3,1,1,20.78845228,Low Risk
IN-06-08-2023-010,Newmont,Damang,8/6/2023,Day,Yes,1,Equipment,Low,Workshop,Lack of Risk Assessment,Equipment Failure,38979,Crusher,96.7,Stable,Moderate,Clear,Welding,Supervisor,801,21,2023,1,5,8,6,1,3,0,9.363767053,1,5,Intermediate,3,2,1.45,177,1,Major Rainy Season,2,3,1,1,27.00035343,Low Risk
IN-09-08-2023-010,Gold Fields,Ahafo,8/9/2023,Night,No,0,Fall of Ground,Critical Potential,Workshop,Poor Maintenance,Training Deficiency,15720,Loader,83.1,Stable,Low,Clear,Welding,Mechanic,800,8,2023,1,5,8,2,0,3,3,4.330402354,1,4,Advanced,2,4,2.65,177,3,Major Rainy Season,2,4,1,1,75.70466492,Critical Risk
IN-11-08-2023-010,Gold Fields,Damang,8/11/2023,Night,Yes,1,Vehicle,Medium,Workshop,Poor Maintenance,Human Behaviour,25569,Crusher,73.7,Stable,High,Rain,Equipment Operation,Welder,686,30,2023,2,4,8,4,0,3,1,5.860453311,4,5,Intermediate,3,4,2.4,177,2,Major Rainy Season,2,4,1,3,64.09823391,High Risk
IN-12-08-2023-010,Gold Fields,Obuasi,8/12/2023,Night,No,0,Fall of Ground,Critical Potential,Workshop,Human Error,Procedural Failure,18824,Crusher,71.3,Highly Fractured,Low,High Dust,Driving,Operator,1032,8,2023,1,2,8,5,1,3,3,0.848107639,,5,Basic,4,4,,177,1,Major Rainy Season,2,2,1,3,55.73219338,High Risk
IN-02-09-2023-010,Gold Fields,Damang,9/2/2023,Night,Yes,1,Electrical,Medium,Workshop,Lack of Risk Assessment,Training Deficiency,9833,Loader,83.4,Highly Fractured,Moderate,High Dust,Welding,Welder,320,30,2023,1,5,9,5,1,3,1,0.188168626,,3,Intermediate,3,4,,177,21,Transition Season,2,4,1,3,58.77228756,High Risk
IN-04-09-2023-010,Newmont,Tarkwa,9/4/2023,Day,Yes,1,Electrical,Low,Workshop,Unsafe Driving,Human Behaviour,15559,Truck,80.5,Stable,Low,Clear,Equipment Operation,Mechanic,1097,31,2023,1,4,9,0,0,3,0,0.567616905,1,4,Basic,4,2,1.35,177,2,Transition Season,2,3,1,1,20.78845228,Low Risk
IN-13-09-2023-010,Newmont,Ahafo,9/13/2023,Day,Yes,1,Vehicle,Medium,Workshop,Poor Maintenance,Human Behaviour,30019,Truck,79.2,Highly Fractured,High,Clear,Lifting,Driver,563,22,2023,2,3,9,2,0,3,1,1.542756478,1,4,Basic,4,2,1.8,177,9,Transition Season,2,3,1,1,26.55668075,Low Risk
IN-15-09-2023-010,Gold Fields,Tarkwa,9/15/2023,Night,No,0,Chemical,Medium,Workshop,Human Error,Procedural Failure,38414,Truck,85.1,Stable,Moderate,Clear,Equipment Operation,Supervisor,955,23,2023,4,4,9,4,0,3,1,16.23025258,1,4,Intermediate,3,4,2.6,177,2,Transition Season,2,4,1,1,45.53250452,Medium Risk
IN-16-09-2023-010,AngloGold Ashanti,Obuasi,9/16/2023,Night,No,0,Equipment,Medium,Workshop,Environmental Conditions,Human Behaviour,29134,Excavator,79.4,Moderate Fracturing,Low,Clear,Driving,Welder,1027,28,2023,1,2,9,5,1,3,1,0.406398699,1,3,Intermediate,3,4,1.55,177,1,Transition Season,4,2,1,1,40.38600169,Medium Risk
IN-25-09-2023-010,Newmont,Damang,9/25/2023,Day,Yes,1,Chemical,Medium,Workshop,Unsafe Driving,Training Deficiency,8088,Crusher,83.6,Stable,Moderate,Clear,Equipment Operation,Operator,1078,28,2023,4,4,9,0,0,3,1,1.267068963,1,3,Basic,4,2,2.45,177,9,Transition Season,2,3,1,1,32.7685819,Medium Risk
IN-03-10-2023-010,AngloGold Ashanti,Ahafo,10/3/2023,Day,No,0,Chemical,Medium,Workshop,Design / Layout Deficiency,Environmental Condition,34958,Truck,80.1,Moderate Fracturing,Low,Rain,Lifting,Driver,261,24,2023,4,3,10,1,0,4,1,14.37206293,4,2,Basic,4,2,2.6,177,8,Transition Season,2,3,1,1,35.21006638,Medium Risk
IN-03-10-2023-010,Gold Fields,Damang,10/3/2023,Night,Yes,1,Fire,Medium,Workshop,Poor Maintenance,Human Behaviour,17306,Loader,81.2,Stable,Low,Clear,Equipment Operation,Mechanic,548,3,2023,3,4,10,1,0,4,1,9.73644657,1,2,Intermediate,3,4,2.35,177,0,Transition Season,2,4,1,1,45.53250452,Medium Risk
IN-20-10-2023-010,Gold Fields,Damang,10/20/2023,Day,No,0,Vehicle,High Potential,Workshop,Design / Layout Deficiency,Training Deficiency,32475,,90.6,Highly Fractured,Moderate,Clear,Maintenance,Mechanic,689,9,2023,2,4,10,4,0,4,2,1.92981218,1,5,Intermediate,3,2,2.25,177,17,Transition Season,2,3,1,1,44.74871153,Medium Risk
IN-25-10-2023-010,AngloGold Ashanti,Damang,10/25/2023,Day,No,0,Chemical,Critical Potential,Workshop,Design / Layout Deficiency,Training Deficiency,28416,,66.1,Moderate Fracturing,Moderate,Rain,Welding,Supervisor,379,10,2023,4,5,10,2,0,4,3,2.132552782,4,4,Intermediate,3,2,3.55,177,5,Transition Season,2,3,1,1,71.59412794,Critical Risk
IN-27-10-2023-010,Newmont,Tarkwa,10/27/2023,Night,No,0,Vehicle,Medium,Workshop,Inadequate Supervision,Procedural Failure,12507,Loader,72.9,Highly Fractured,Low,Rain,Welding,Driver,1181,22,2023,2,5,10,4,0,4,1,0.00313049,4,3,Intermediate,3,4,2.55,177,2,Transition Season,2,4,1,1,60.3977913,High Risk
IN-02-11-2023-010,Newmont,Ahafo,11/2/2023,Day,Yes,1,Equipment,Medium,Workshop,Poor Maintenance,Training Deficiency,25044,,84.4,Highly Fractured,Moderate,Clear,Lifting,Welder,803,17,2023,1,3,11,3,0,4,1,5.932337593,1,3,Basic,4,2,1.55,177,6,Transition Season,2,3,1,1,26.55668075,Low Risk
IN-03-11-2023-010,Newmont,Ahafo,11/3/2023,Day,Yes,1,Equipment,Low,Workshop,Lack of Risk Assessment,Training Deficiency,39283,Excavator,68.5,Stable,Moderate,Clear,Welding,Supervisor,538,25,2023,1,5,11,4,0,4,0,0.182801872,1,2,Advanced,2,2,1.4,177,1,Transition Season,4,3,1,1,42.64230288,Medium Risk
IN-05-11-2023-010,AngloGold Ashanti,Tarkwa,11/5/2023,Day,No,0,Chemical,Medium,Workshop,Environmental Conditions,Procedural Failure,29561,Loader,86.8,Moderate Fracturing,Low,Clear,Welding,Mechanic,492,28,2023,4,5,11,6,1,4,1,0.351755945,1,3,Intermediate,3,2,2.55,177,2,Transition Season,2,3,1,1,38.98048306,Medium Risk
IN-05-11-2023-010,AngloGold Ashanti,Tarkwa,11/5/2023,Day,No,0,Fire,Medium,Workshop,Poor Maintenance,Training Deficiency,17771,Excavator,88,Stable,Low,Clear,Equipment Operation,Supervisor,207,7,2023,3,4,11,6,1,4,1,12.4674947,1,3,Intermediate,3,2,2.15,177,0,Transition Season,4,3,1,1,48.41053135,Medium Risk
IN-19-11-2023-010,Gold Fields,Damang,11/19/2023,Day,Yes,1,Fall of Ground,Medium,Workshop,Human Error,Human Behaviour,28243,,65.6,Stable,Moderate,Clear,Lifting,Operator,875,23,2023,1,3,11,6,1,4,1,7.512422126,1,3,Basic,4,2,1.55,177,14,Transition Season,2,3,1,1,26.55668075,Low Risk
IN-26-11-2023-010,Newmont,Obuasi,11/26/2023,Night,No,0,Fall of Ground,Critical Potential,Workshop,Lack of Risk Assessment,Procedural Failure,12641,Excavator,84.2,Highly Fractured,Low,Rain,Lifting,Supervisor,782,11,2023,1,3,11,6,1,4,3,1.191957165,4,2,Basic,4,4,2.75,177,7,Transition Season,4,4,1,1,87.5761977,Critical Risk
IN-03-12-2023-010,Newmont,Obuasi,12/3/2023,Day,No,0,Equipment,High Potential,Workshop,Inadequate Supervision,Human Behaviour,32180,Truck,82.9,Moderate Fracturing,Low,Rain,Driving,Operator,334,23,2023,1,2,12,6,1,4,2,2.670587217,4,4,Intermediate,3,2,2,177,7,Dry Season,2,1,1,3,42.52598865,Medium Risk
IN-14-12-2023-010,Newmont,Tarkwa,12/14/2023,Night,Yes,1,Fire,Medium,Workshop,Unsafe Driving,Human Behaviour,28804,Truck,92.9,Stable,High,Rain,Lifting,Operator,295,0,2023,3,3,12,3,0,4,1,1.789171481,4,3,Basic,4,4,2.55,177,11,Dry Season,2,4,1,1,47.973989,Medium Risk
IN-01-01-2024-010,Newmont,Obuasi,1/1/2024,Day,Yes,1,Electrical,Critical Potential,Workshop,Environmental Conditions,Equipment Failure,43311,,91.6,Moderate Fracturing,Moderate,Clear,Maintenance,Mechanic,1167,9,2024,1,4,1,0,0,1,3,6.183513994,1,2,Intermediate,3,2,2.35,177,18,Dry Season,2,3,1,1,56.72884115,High Risk
IN-13-01-2024-010,Gold Fields,Tarkwa,1/13/2024,Day,No,0,Fall of Ground,Critical Potential,Workshop,Unsafe Driving,Training Deficiency,9666,Excavator,68.1,Moderate Fracturing,High,Clear,Driving,Supervisor,561,22,2024,1,2,1,5,1,1,3,11.16023565,1,5,Intermediate,3,2,2.05,177,12,Dry Season,4,1,1,1,51.58233832,High Risk
IN-01-02-2024-010,Gold Fields,Ahafo,2/1/2024,Day,No,0,Equipment,Medium,Workshop,Environmental Conditions,Equipment Failure,22883,Crusher,75.1,Moderate Fracturing,Moderate,Clear,Welding,Operator,1147,26,2024,1,5,2,3,0,1,1,0.649572089,1,5,Intermediate,3,2,1.8,177,19,Dry Season,2,3,1,1,38.98048306,Medium Risk
IN-05-02-2024-010,Newmont,Ahafo,2/5/2024,Day,No,0,Fall of Ground,High Potential,Workshop,Unsafe Driving,Procedural Failure,15489,,83.4,Stable,Moderate,Clear,Equipment Operation,Driver,779,3,2024,1,4,2,0,0,1,2,5.956118742,1,4,Intermediate,3,2,2,177,4,Dry Season,2,3,1,1,44.74871153,Medium Risk
IN-12-02-2024-010,AngloGold Ashanti,Ahafo,2/12/2024,Day,No,0,Fire,Low,Workshop,Lack of Risk Assessment,Human Behaviour,14394,,95.7,Moderate Fracturing,Low,Clear,Welding,Operator,462,7,2024,3,5,2,0,0,1,0,0.886138844,1,2,Intermediate,3,2,1.95,177,7,Dry Season,2,3,1,1,27.00035343,Low Risk
IN-03-03-2024-010,AngloGold Ashanti,Damang,3/3/2024,Night,No,0,Vehicle,Medium,Workshop,Environmental Conditions,Procedural Failure,13556,,73.8,Moderate Fracturing,Moderate,Clear,Equipment Operation,Driver,428,18,2024,2,4,3,6,1,1,1,1.169233889,1,5,Intermediate,3,4,2.1,177,20,Minor Rainy Season,2,4,1,1,45.53250452,Medium Risk
IN-17-03-2024-010,Newmont,Obuasi,3/17/2024,Night,No,0,Vehicle,Critical Potential,Workshop,Human Error,Training Deficiency,10487,Excavator,87.7,Highly Fractured,High,Clear,Welding,Welder,1118,43,2024,2,5,3,6,1,1,3,0.599808322,1,4,Intermediate,3,4,2.95,177,14,Minor Rainy Season,4,4,1,1,91.34661437,Critical Risk
IN-19-03-2024-010,Newmont,Tarkwa,3/19/2024,Day,Yes,1,Equipment,High Potential,Workshop,Human Error,Procedural Failure,27889,Excavator,69,Highly Fractured,Low,Rain,Equipment Operation,Welder,1106,32,2024,1,4,3,1,0,1,2,0.795390177,4,5,Intermediate,3,2,2.3,177,2,Minor Rainy Season,4,3,1,3,78.95639037,Critical Risk
IN-01-04-2024-010,Gold Fields,Damang,4/1/2024,Day,Yes,1,Chemical,Medium,Workshop,Poor Maintenance,Training Deficiency,5615,Truck,74.8,Stable,Moderate,Fog,Lifting,Operator,1144,25,2024,4,3,4,0,0,2,1,6.272155632,2,3,Basic,4,2,2.4,177,13,Minor Rainy Season,2,3,1,1,29.44114263,Low Risk
IN-01-04-2024-010,Gold Fields,Tarkwa,4/1/2024,Day,Yes,1,Electrical,Medium,Workshop,Lack of Risk Assessment,Environmental Condition,14481,Truck,91.5,Highly Fractured,Low,Clear,Lifting,Supervisor,495,15,2024,1,3,4,0,0,2,1,1.129520198,1,5,Intermediate,3,2,1.5,177,0,Minor Rainy Season,2,3,1,1,26.55668075,Low Risk
IN-01-04-2024-010,Newmont,Ahafo,4/1/2024,Day,No,0,Electrical,High Potential,Workshop,Design / Layout Deficiency,Human Behaviour,26246,Loader,88,Stable,Low,Clear,Welding,Operator,664,14,2024,1,5,4,0,0,2,2,19.06061256,1,3,Intermediate,3,2,2.15,177,0,Minor Rainy Season,2,3,1,1,50.96061268,High Risk
IN-14-04-2024-010,Gold Fields,Obuasi,4/14/2024,Night,No,0,Equipment,Critical Potential,Workshop,Human Error,Environmental Condition,14695,Crusher,80.5,Moderate Fracturing,Low,Clear,Maintenance,Operator,1043,32,2024,1,4,4,6,1,2,3,2.194585623,1,2,Advanced,2,4,2.5,177,13,Minor Rainy Season,2,4,1,1,69.49276377,High Risk
IN-18-04-2024-010,Newmont,Tarkwa,4/18/2024,Day,Yes,1,Vehicle,Medium,Workshop,Human Error,Procedural Failure,21038,Truck,85.3,Highly Fractured,Moderate,High Dust,Equipment Operation,Supervisor,849,42,2024,2,4,4,3,0,2,1,5.968739101,,3,Basic,4,2,,177,4,Minor Rainy Season,2,3,1,3,39.79646379,Medium Risk
IN-05-05-2024-010,Newmont,Tarkwa,5/5/2024,Night,Yes,1,Electrical,Medium,Workshop,Human Error,Training Deficiency,39722,Truck,87,Moderate Fracturing,Low,Clear,Welding,Mechanic,568,44,2024,1,5,5,6,1,2,1,6.104992586,1,4,Advanced,2,4,1.95,177,17,Minor Rainy Season,2,4,1,1,51.74440567,High Risk
IN-06-05-2024-010,AngloGold Ashanti,Obuasi,5/6/2024,Day,Yes,1,Fire,Critical Potential,Workshop,Unsafe Driving,Procedural Failure,20775,Excavator,91.5,Moderate Fracturing,Low,Extreme Heat,Equipment Operation,Supervisor,521,0,2024,3,4,5,0,0,2,3,5.50111619,4,4,Basic,4,2,3.2,177,1,Minor Rainy Season,4,3,1,3,90.93652,Critical Risk
IN-12-05-2024-010,Gold Fields,Ahafo,5/12/2024,Day,No,0,Chemical,High Potential,Workshop,Unsafe Driving,Training Deficiency,26309,Truck,67.3,Stable,Low,High Dust,Driving,Welder,318,3,2024,4,2,5,6,1,2,2,1.594123533,,2,Intermediate,3,2,,177,6,Minor Rainy Season,2,1,1,3,30.98814114,Medium Risk
IN-18-05-2024-010,AngloGold Ashanti,Tarkwa,5/18/2024,Night,No,0,Fall of Ground,Medium,Workshop,Poor Maintenance,Environmental Condition,16939,Excavator,82.6,Highly Fractured,Moderate,Clear,Lifting,Mechanic,1122,13,2024,1,3,5,5,1,2,1,3.972447619,1,3,Basic,4,4,1.75,177,6,Minor Rainy Season,4,4,1,1,54.96255281,High Risk
IN-23-05-2024-010,Gold Fields,Damang,5/23/2024,Day,No,0,Electrical,High Potential,Workshop,Poor Maintenance,Training Deficiency,24056,Excavator,74,Stable,Low,Rain,Maintenance,Welder,956,1,2024,1,4,5,3,0,2,2,11.09963455,4,3,Intermediate,3,2,2.3,177,5,Minor Rainy Season,4,3,1,1,69.04404661,High Risk
IN-15-06-2024-010,Gold Fields,Damang,6/15/2024,Day,No,0,Chemical,Low,Workshop,Environmental Conditions,Procedural Failure,11928,Truck,69.9,Stable,High,Clear,Lifting,Operator,236,18,2024,4,3,6,5,1,2,0,1.320101796,1,3,Basic,4,2,1.95,177,23,Major Rainy Season,2,3,1,1,14.57655113,Low Risk
IN-17-06-2024-010,Newmont,Ahafo,6/17/2024,Night,Yes,1,Chemical,Critical Potential,Workshop,Human Error,Human Behaviour,11617,Crusher,71,Highly Fractured,Low,Clear,Maintenance,Mechanic,483,10,2024,4,4,6,0,0,2,3,6.213946649,1,5,Intermediate,3,4,3.3,177,2,Major Rainy Season,2,4,1,1,69.49276377,High Risk
IN-09-07-2024-010,Gold Fields,Obuasi,7/9/2024,Day,No,0,Fire,High Potential,Workshop,Poor Maintenance,Training Deficiency,42305,,81.4,Moderate Fracturing,Low,Clear,Welding,Driver,701,19,2024,3,5,7,1,0,3,2,4.124787206,1,3,Advanced,2,2,2.6,177,22,Major Rainy Season,2,3,1,1,50.96061268,High Risk
IN-19-07-2024-010,Newmont,Tarkwa,7/19/2024,Day,Yes,1,Fall of Ground,Medium,Workshop,Environmental Conditions,Training Deficiency,15223,Loader,77.8,Highly Fractured,Moderate,Clear,Equipment Operation,Mechanic,246,12,2024,1,4,7,4,0,3,1,7.883930426,1,4,Intermediate,3,2,1.65,177,10,Major Rainy Season,2,3,1,1,32.7685819,Medium Risk
IN-19-07-2024-010,AngloGold Ashanti,Damang,7/19/2024,Day,No,0,Vehicle,Low,Workshop,Unsafe Driving,Environmental Condition,16164,Crusher,76.1,Highly Fractured,Low,Extreme Heat,Lifting,Operator,1132,34,2024,2,3,7,4,0,3,0,2.595450869,4,4,Intermediate,3,2,1.7,177,0,Major Rainy Season,2,3,1,3,33.14228052,Medium Risk
IN-20-07-2024-010,AngloGold Ashanti,Obuasi,7/20/2024,Night,No,0,Fire,Medium,Workshop,Inadequate Supervision,Procedural Failure,22715,Crusher,80.8,Highly Fractured,Low,Clear,Lifting,Welder,668,4,2024,3,3,7,5,1,3,1,5.368439542,1,4,Basic,4,4,2.25,177,1,Major Rainy Season,2,4,1,1,39.32060337,Medium Risk
IN-03-09-2024-010,AngloGold Ashanti,Ahafo,9/3/2024,Night,No,0,Electrical,Low,Workshop,Human Error,Human Behaviour,27333,Excavator,86.4,Highly Fractured,Low,High Dust,Lifting,Operator,347,19,2024,1,3,9,1,0,3,0,3.868322049,,4,Basic,4,4,,177,45,Transition Season,4,4,1,3,50.01030507,High Risk
IN-19-09-2024-010,AngloGold Ashanti,Tarkwa,9/19/2024,Day,No,0,Electrical,Critical Potential,Workshop,Design / Layout Deficiency,Environmental Condition,23227,Truck,95.7,Moderate Fracturing,Low,Clear,Maintenance,Welder,470,13,2024,1,4,9,3,0,3,3,6.742488519,1,4,Intermediate,3,2,2.35,177,16,Transition Season,2,3,1,1,56.72884115,High Risk
IN-22-09-2024-010,Newmont,Damang,9/22/2024,Day,No,0,Vehicle,High Potential,Workshop,Human Error,Procedural Failure,29241,Excavator,87.4,Moderate Fracturing,Low,Clear,Driving,Welder,556,7,2024,2,2,9,6,1,3,2,6.822567973,1,3,Basic,4,2,2,177,3,Transition Season,4,1,1,1,39.6022087,Medium Risk
IN-03-10-2024-010,AngloGold Ashanti,Ahafo,10/3/2024,Night,Yes,1,Electrical,High Potential,Workshop,Unsafe Driving,Equipment Failure,30727,,71.3,Stable,Low,High Dust,Lifting,Supervisor,1009,22,2024,1,3,10,3,0,4,2,5.796717555,,3,Basic,4,4,,177,11,Transition Season,2,4,1,3,58.32861488,High Risk
IN-14-10-2024-010,AngloGold Ashanti,Obuasi,10/14/2024,Night,No,0,Electrical,Critical Potential,Workshop,Unsafe Driving,Human Behaviour,20472,Crusher,91.9,Moderate Fracturing,High,Clear,Driving,Driver,913,30,2024,1,2,10,0,0,4,3,0.754346281,1,3,Basic,4,4,2.3,177,11,Transition Season,2,2,1,1,48.70431149,Medium Risk
IN-17-10-2024-010,Newmont,Tarkwa,10/17/2024,Night,Yes,1,Equipment,Medium,Workshop,Design / Layout Deficiency,Equipment Failure,38913,Excavator,98,Moderate Fracturing,Moderate,Clear,Lifting,Driver,530,10,2024,1,3,10,3,0,4,1,3.174671187,1,3,Basic,4,4,1.75,177,3,Transition Season,4,4,1,1,54.96255281,High Risk
IN-21-10-2024-010,Newmont,Damang,10/21/2024,Day,No,0,Electrical,Low,Workshop,Human Error,Environmental Condition,38872,Truck,68.9,Moderate Fracturing,Low,Rain,Driving,Supervisor,1004,20,2024,1,2,10,0,0,4,0,27.27626622,4,4,Intermediate,3,2,1.3,177,4,Transition Season,2,1,1,3,18.5657294,Low Risk
IN-26-10-2024-010,Gold Fields,Tarkwa,10/26/2024,Night,Yes,1,Electrical,Critical Potential,Workshop,Unsafe Driving,Equipment Failure,31631,Truck,70.8,Stable,Moderate,Clear,Equipment Operation,Supervisor,282,39,2024,1,4,10,5,1,4,3,2.696656495,1,3,Intermediate,3,4,2.55,177,5,Transition Season,2,4,1,1,69.49276377,High Risk
IN-04-11-2024-010,Newmont,Tarkwa,11/4/2024,Day,Yes,1,Fire,Low,Workshop,Lack of Risk Assessment,Human Behaviour,17699,Loader,94.6,Highly Fractured,Low,Clear,Welding,Welder,1152,7,2024,3,5,11,0,0,4,0,0.074735243,1,2,Intermediate,3,2,1.95,177,9,Transition Season,2,3,1,1,27.00035343,Low Risk
IN-19-11-2024-010,AngloGold Ashanti,Ahafo,11/19/2024,Day,No,0,Equipment,Medium,Workshop,Human Error,Equipment Failure,21445,Excavator,97.8,Highly Fractured,Low,Rain,Maintenance,Driver,1046,18,2024,1,4,11,1,0,4,1,3.225280915,4,3,Intermediate,3,2,1.95,177,15,Transition Season,4,3,1,1,57.06391698,High Risk
IN-21-12-2024-010,Gold Fields,Ahafo,12/21/2024,Night,Yes,1,Electrical,Medium,Workshop,Human Error,Procedural Failure,33305,Excavator,84.9,Highly Fractured,Low,Rain,Maintenance,Driver,441,41,2024,1,4,12,5,1,4,1,9.620580413,4,3,Advanced,2,4,2.1,177,32,Dry Season,4,4,1,1,69.8278396,High Risk
IN-04-01-2025-010,Newmont,Ahafo,1/4/2025,Day,No,0,Fire,Medium,Workshop,Human Error,Procedural Failure,26196,Truck,86.5,Moderate Fracturing,Moderate,Clear,Lifting,Welder,993,22,2025,3,3,1,5,1,1,1,12.30941656,1,4,Basic,4,2,2.05,177,14,Dry Season,2,3,1,1,26.55668075,Low Risk
IN-07-01-2025-010,AngloGold Ashanti,Tarkwa,1/7/2025,Day,No,0,Equipment,High Potential,Workshop,Unsafe Driving,Equipment Failure,22245,,69.4,Stable,High,Rain,Maintenance,Supervisor,707,11,2025,1,4,1,1,0,1,2,0.285670255,4,2,Intermediate,3,2,2.3,177,3,Dry Season,2,3,1,1,53.40209716,High Risk
IN-15-01-2025-010,Newmont,Obuasi,1/15/2025,Day,No,0,Electrical,Low,Workshop,Unsafe Driving,Equipment Failure,19497,Excavator,77.5,Highly Fractured,Moderate,High Dust,Equipment Operation,Supervisor,1066,10,2025,1,4,1,2,0,1,0,10.97804945,,5,Intermediate,3,2,,177,8,Dry Season,4,3,1,3,43.45828361,Medium Risk
IN-18-01-2025-010,Newmont,Damang,1/18/2025,Night,No,0,Electrical,Critical Potential,Workshop,Poor Maintenance,Equipment Failure,34312,Excavator,88.4,Highly Fractured,Low,Clear,Welding,Mechanic,459,27,2025,1,5,1,5,1,1,3,7.487412255,1,3,Intermediate,3,4,2.7,177,3,Dry Season,4,4,1,1,91.34661437,Critical Risk
IN-19-01-2025-010,Newmont,Ahafo,1/19/2025,Night,No,0,Vehicle,Medium,Workshop,Unsafe Driving,Human Behaviour,27448,,69.8,Stable,High,Clear,Maintenance,Mechanic,536,44,2025,2,4,1,6,1,1,1,5.697364012,1,4,Intermediate,3,4,2.1,177,1,Dry Season,2,4,1,1,45.53250452,Medium Risk
IN-27-01-2025-010,AngloGold Ashanti,Ahafo,1/27/2025,Night,Yes,1,Vehicle,Low,Workshop,Human Error,Environmental Condition,38959,Truck,70.4,Highly Fractured,Low,Clear,Driving,Welder,1075,28,2025,2,2,1,0,0,1,0,2.324541826,1,3,Intermediate,3,4,1.45,177,8,Dry Season,2,2,1,1,12.76392262,Low Risk
IN-04-02-2025-010,Newmont,Damang,2/4/2025,Day,Yes,1,Electrical,Medium,Workshop,Human Error,Human Behaviour,17279,Crusher,88.2,Moderate Fracturing,High,High Dust,Lifting,Welder,463,39,2025,1,3,2,1,0,1,1,3.923201998,,3,Intermediate,3,2,,177,8,Dry Season,2,3,1,3,33.58456264,Medium Risk
IN-04-02-2025-010,AngloGold Ashanti,Tarkwa,2/4/2025,Night,Yes,1,Fire,Medium,Workshop,Lack of Risk Assessment,Equipment Failure,21137,,87.5,Moderate Fracturing,Moderate,Rain,Lifting,Welder,925,16,2025,3,3,2,1,0,1,1,0.638173462,4,3,Basic,4,4,2.55,177,0,Dry Season,2,4,1,1,47.973989,Medium Risk
IN-09-02-2025-010,Newmont,Damang,2/9/2025,Night,Yes,1,Vehicle,High Potential,Workshop,Unsafe Driving,Equipment Failure,20554,Truck,93.8,Highly Fractured,Low,Rain,Welding,Welder,344,32,2025,2,5,2,6,1,1,2,2.480400598,4,2,Intermediate,3,4,2.9,177,5,Dry Season,2,4,1,1,72.37792093,Critical Risk
IN-20-02-2025-010,AngloGold Ashanti,Tarkwa,2/20/2025,Day,No,0,Electrical,High Potential,Workshop,Human Error,Environmental Condition,13303,,91.6,Highly Fractured,Low,High Dust,Maintenance,Operator,817,12,2025,1,4,2,3,0,1,2,14.49281686,,2,Intermediate,3,2,,177,11,Dry Season,2,3,1,3,51.77659341,High Risk
IN-16-03-2025-010,Gold Fields,Ahafo,3/16/2025,Night,No,0,Electrical,High Potential,Workshop,Unsafe Driving,Equipment Failure,7555,Loader,83.7,Highly Fractured,Moderate,Clear,Driving,Driver,1139,37,2025,1,2,3,6,1,1,2,5.73354323,1,2,Intermediate,3,4,1.9,177,24,Minor Rainy Season,2,2,1,1,36.72418187,Medium Risk
IN-01-04-2025-010,Gold Fields,Tarkwa,4/1/2025,Day,Yes,1,Fire,Critical Potential,Workshop,Design / Layout Deficiency,Human Behaviour,27820,Truck,92.2,Stable,Moderate,Rain,Lifting,Driver,862,25,2025,3,3,4,1,0,2,3,0.217759917,4,4,Basic,4,2,3.05,177,16,Minor Rainy Season,2,3,1,1,59.17032563,High Risk
IN-18-04-2025-010,Newmont,Ahafo,4/18/2025,Day,Yes,1,Fall of Ground,Low,Workshop,Design / Layout Deficiency,Environmental Condition,44725,,85.2,Moderate Fracturing,Moderate,Rain,Maintenance,Driver,673,6,2025,1,4,4,4,0,2,0,1.924700929,4,2,Intermediate,3,2,1.6,177,17,Minor Rainy Season,2,3,1,1,29.44183791,Low Risk
IN-19-04-2025-010,Gold Fields,Damang,4/19/2025,Day,No,0,Chemical,Medium,Workshop,Unsafe Driving,Equipment Failure,7802,Truck,81.2,Moderate Fracturing,Low,Rain,Driving,Driver,237,8,2025,4,2,4,5,1,2,1,0.774000241,4,3,Intermediate,3,2,2.4,177,1,Minor Rainy Season,2,1,1,3,30.54585902,Medium Risk
IN-26-04-2025-010,Newmont,Ahafo,4/26/2025,Day,Yes,1,Electrical,High Potential,Workshop,Human Error,Procedural Failure,7118,Truck,87.2,Highly Fractured,Moderate,Clear,Equipment Operation,Welder,699,1,2025,1,4,4,5,1,2,2,2.212587299,1,2,Intermediate,3,2,2,177,7,Minor Rainy Season,2,3,1,1,44.74871153,Medium Risk
IN-08-05-2025-010,AngloGold Ashanti,Tarkwa,5/8/2025,Night,Yes,1,Electrical,Critical Potential,Workshop,Human Error,Human Behaviour,23883,Truck,70.5,Stable,Moderate,Clear,Equipment Operation,Driver,988,40,2025,1,4,5,3,0,2,3,1.90858515,1,3,Intermediate,3,4,2.55,177,12,Minor Rainy Season,2,4,1,1,69.49276377,High Risk
IN-14-05-2025-010,AngloGold Ashanti,Obuasi,5/14/2025,Day,Yes,1,Electrical,Low,Workshop,Design / Layout Deficiency,Procedural Failure,27842,Loader,82.8,Highly Fractured,Low,Clear,Welding,Mechanic,306,11,2025,1,5,5,2,0,2,0,1.9220958,1,2,Intermediate,3,2,1.45,177,6,Minor Rainy Season,2,3,1,1,27.00035343,Low Risk
IN-19-05-2025-010,Newmont,Obuasi,5/19/2025,Day,Yes,1,Vehicle,Low,Workshop,Design / Layout Deficiency,Training Deficiency,10350,Loader,72.3,Highly Fractured,Low,Clear,Equipment Operation,Operator,640,28,2025,2,4,5,0,0,2,0,3.401218807,1,3,Intermediate,3,2,1.55,177,5,Minor Rainy Season,2,3,1,1,20.78845228,Low Risk
IN-22-05-2025-010,Newmont,Ahafo,5/22/2025,Day,No,0,Chemical,Low,Workshop,Inadequate Supervision,Procedural Failure,35215,Excavator,81.6,Stable,Low,Clear,Equipment Operation,Mechanic,865,13,2025,4,4,5,3,0,2,0,2.332444349,1,2,Basic,4,2,2.1,177,3,Minor Rainy Season,4,3,1,1,36.43040172,Medium Risk
IN-25-05-2025-010,Gold Fields,Ahafo,5/25/2025,Day,Yes,1,Fire,Medium,Workshop,Human Error,Training Deficiency,40719,Loader,90.6,Stable,Low,Clear,Driving,Welder,214,10,2025,3,2,5,6,1,2,1,2.208426641,1,3,Intermediate,3,2,1.85,177,3,Minor Rainy Season,2,1,1,1,11.98012963,Low Risk
IN-21-06-2025-010,Newmont,Damang,6/21/2025,Day,Yes,1,Chemical,Critical Potential,Workshop,Unsafe Driving,Human Behaviour,31245,Truck,95.4,Highly Fractured,Low,Rain,Lifting,Welder,826,34,2025,4,3,6,5,1,2,3,3.530327406,4,3,Intermediate,3,2,3.25,177,27,Major Rainy Season,2,3,1,1,59.17032563,High Risk
IN-27-06-2025-010,Newmont,Tarkwa,6/27/2025,Day,Yes,1,Chemical,Medium,Workshop,Unsafe Driving,Human Behaviour,5615,,84.6,Highly Fractured,Low,Clear,Equipment Operation,Welder,1086,36,2025,4,4,6,4,0,2,1,11.12463486,1,4,Intermediate,3,2,2.4,177,6,Major Rainy Season,2,3,1,1,32.7685819,Medium Risk
IN-21-07-2025-010,AngloGold Ashanti,Tarkwa,7/21/2025,Night,No,0,Electrical,Critical Potential,Workshop,Inadequate Supervision,Human Behaviour,7787,,75.3,Stable,Low,Rain,Driving,Operator,606,14,2025,1,2,7,0,0,3,3,4.669822764,4,3,Intermediate,3,4,2.55,177,24,Major Rainy Season,2,2,1,3,67.27004089,High Risk
IN-26-07-2025-010,AngloGold Ashanti,Ahafo,7/26/2025,Day,No,0,Fire,Medium,Workshop,Unsafe Driving,Human Behaviour,25396,,79.1,Moderate Fracturing,Low,Rain,Equipment Operation,Welder,246,9,2025,3,4,7,5,1,3,1,6.599841559,4,5,Intermediate,3,2,2.45,177,5,Major Rainy Season,2,3,1,3,51.3343113,High Risk
IN-27-07-2025-010,Newmont,Obuasi,7/27/2025,Day,Yes,1,Fire,Low,Workshop,Inadequate Supervision,Equipment Failure,13766,Excavator,68.9,Stable,Low,Clear,Welding,Supervisor,737,17,2025,3,5,7,6,1,3,0,2.449835651,1,2,Advanced,2,2,1.9,177,1,Major Rainy Season,4,3,1,1,42.64230288,Medium Risk
IN-05-08-2025-010,Newmont,Damang,8/5/2025,Night,No,0,Electrical,Critical Potential,Workshop,Human Error,Procedural Failure,5981,Loader,82.6,Highly Fractured,Low,Clear,Maintenance,Driver,580,12,2025,1,4,8,1,0,3,3,2.659368349,1,4,Intermediate,3,4,2.55,177,9,Major Rainy Season,2,4,1,1,69.49276377,High Risk
IN-08-08-2025-010,Newmont,Tarkwa,8/8/2025,Night,No,0,Fire,Medium,Workshop,Unsafe Driving,Training Deficiency,22661,,65.1,Highly Fractured,Low,Rain,Driving,Welder,1045,33,2025,3,2,8,4,0,3,1,5.049343626,4,4,Intermediate,3,4,2.35,177,3,Major Rainy Season,2,2,1,3,43.30978164,Medium Risk
IN-24-08-2025-010,Gold Fields,Obuasi,8/24/2025,Night,Yes,1,Electrical,Critical Potential,Workshop,Inadequate Supervision,Human Behaviour,15819,Loader,74.9,Moderate Fracturing,Moderate,Clear,Welding,Operator,328,26,2025,1,5,8,6,1,3,3,10.00368629,1,5,Intermediate,3,4,2.7,177,16,Major Rainy Season,2,4,1,1,75.70466492,Critical Risk
IN-25-08-2025-010,AngloGold Ashanti,Damang,8/25/2025,Day,No,0,Chemical,Critical Potential,Workshop,Poor Maintenance,Equipment Failure,31667,Truck,68.7,Moderate Fracturing,High,Clear,Driving,Mechanic,419,12,2025,4,2,8,0,0,3,3,8.691198751,1,2,Intermediate,3,2,2.8,177,1,Major Rainy Season,2,1,1,1,35.94038888,Medium Risk
IN-07-09-2025-010,Gold Fields,Damang,9/7/2025,Day,Yes,1,Electrical,Medium,Workshop,Unsafe Driving,Environmental Condition,37608,Excavator,65.9,Moderate Fracturing,Low,Rain,Driving,Operator,425,43,2025,1,2,9,6,1,3,1,10.21716212,4,3,Intermediate,3,2,1.65,177,13,Transition Season,4,1,1,3,46.18780847,Medium Risk
IN-02-10-2025-010,Gold Fields,Damang,10/2/2025,Day,No,0,Fall of Ground,Medium,Workshop,Unsafe Driving,Environmental Condition,5422,Crusher,71.6,Highly Fractured,Low,Clear,Driving,Mechanic,297,40,2025,1,2,10,3,0,4,1,0.575449862,1,3,Basic,4,2,1.4,177,25,Transition Season,2,1,1,1,11.98012963,Low Risk
IN-11-10-2025-010,AngloGold Ashanti,Tarkwa,10/11/2025,Night,Yes,1,Vehicle,High Potential,Workshop,Human Error,Procedural Failure,32106,Loader,73.4,Moderate Fracturing,Low,Clear,Driving,Driver,1182,41,2025,2,2,10,5,1,4,2,4.733834401,1,5,Intermediate,3,4,2.15,177,9,Transition Season,2,2,1,1,36.72418187,Medium Risk
IN-20-10-2025-010,Gold Fields,Damang,10/20/2025,Night,Yes,1,Fire,Medium,Workshop,Unsafe Driving,Equipment Failure,22970,Excavator,86.6,Highly Fractured,Low,Clear,Maintenance,Welder,557,16,2025,3,4,10,0,0,4,1,3.715993845,1,2,Intermediate,3,4,2.35,177,9,Transition Season,4,4,1,1,61.17445397,High Risk
IN-26-10-2025-010,Newmont,Ahafo,10/26/2025,Night,No,0,Chemical,Low,Workshop,Unsafe Driving,Training Deficiency,42968,Loader,92.8,Moderate Fracturing,Low,Clear,Maintenance,Supervisor,823,43,2025,4,4,10,6,1,4,0,10.86391435,1,2,Intermediate,3,4,2.25,177,6,Transition Season,2,4,1,1,33.55237489,Medium Risk
IN-10-11-2025-010,Newmont,Obuasi,11/10/2025,Day,Yes,1,Chemical,Medium,Workshop,Unsafe Driving,Equipment Failure,14622,Loader,67.5,Highly Fractured,Low,Rain,Driving,Welder,682,4,2025,4,2,11,0,0,4,1,1.991190687,4,2,Basic,4,2,2.45,177,15,Transition Season,2,1,1,3,30.54585902,Medium Risk
IN-26-11-2025-010,Newmont,Obuasi,11/26/2025,Night,No,0,Electrical,Critical Potential,Workshop,Inadequate Supervision,Training Deficiency,40271,Excavator,80.3,Highly Fractured,Low,Rain,Maintenance,Welder,715,14,2025,1,4,11,2,0,4,3,9.261021396,4,4,Intermediate,3,4,2.85,177,16,Transition Season,4,4,1,1,93.78809885,Critical Risk
IN-27-11-2025-010,Gold Fields,Damang,11/27/2025,Night,No,0,Equipment,Low,Workshop,Unsafe Driving,Environmental Condition,20586,Truck,77.5,Highly Fractured,Low,Clear,Maintenance,Supervisor,823,0,2025,1,4,11,3,0,4,0,0.478824028,1,4,Intermediate,3,4,1.5,177,1,Transition Season,2,4,1,1,33.55237489,Medium Risk
IN-07-12-2025-010,AngloGold Ashanti,Damang,12/7/2025,Night,Yes,1,Fire,Medium,Workshop,Lack of Risk Assessment,Training Deficiency,6320,Truck,94.5,Highly Fractured,Low,Clear,Maintenance,Operator,799,21,2025,3,4,12,6,1,4,1,6.974125343,1,4,Intermediate,3,4,2.35,177,10,Dry Season,2,4,1,1,45.53250452,Medium Risk
IN-10-12-2025-010,Newmont,Damang,12/10/2025,Day,No,0,Electrical,Low,Workshop,Unsafe Driving,Training Deficiency,13611,Truck,89.1,Highly Fractured,Low,Fog,Welding,Mechanic,344,39,2025,1,5,12,2,0,4,0,3.737862743,2,2,Intermediate,3,2,1.55,177,3,Dry Season,2,3,1,1,29.88481531,Low Risk
IN-12-12-2025-010,Newmont,Obuasi,12/12/2025,Night,Yes,1,Equipment,Medium,Workshop,Unsafe Driving,Environmental Condition,5024,Excavator,81.1,Stable,Low,Fog,Equipment Operation,Mechanic,238,42,2025,1,4,12,4,0,4,1,13.89257695,2,2,Basic,4,4,2,177,2,Dry Season,4,4,1,1,64.05891584,High Risk
IN-14-12-2025-010,AngloGold Ashanti,Damang,12/14/2025,Night,Yes,1,Electrical,High Potential,Workshop,Lack of Risk Assessment,Procedural Failure,6199,,77.3,Moderate Fracturing,Low,Clear,Maintenance,Supervisor,1075,9,2025,1,4,12,6,1,4,2,2.592507988,1,2,Advanced,2,4,2.15,177,2,Dry Season,2,4,1,1,57.51263414,High Risk
IN-18-12-2025-010,Gold Fields,Obuasi,12/18/2025,Day,Yes,1,Equipment,Low,Workshop,Unsafe Driving,Procedural Failure,36012,,69.2,Highly Fractured,Moderate,Fog,Lifting,Operator,726,20,2025,1,3,12,3,0,4,0,1.42939197,2,3,Basic,4,2,1.3,177,4,Dry Season,2,3,1,1,17.461013,Low Risk
IN-26-12-2025-010,AngloGold Ashanti,Tarkwa,12/26/2025,Day,No,0,Equipment,Low,Workshop,Poor Maintenance,Training Deficiency,42078,Crusher,75.6,Stable,Moderate,Rain,Maintenance,Mechanic,824,18,2025,1,4,12,4,0,4,0,6.981206336,4,4,Intermediate,3,2,1.6,177,8,Dry Season,2,3,1,1,29.44183791,Low Risk
